task,true_class,predicted_class,count
growth_stage,0,0,0
growth_stage,0,1,0
growth_stage,0,2,0
growth_stage,0,3,0
growth_stage,0,4,0
growth_stage,0,5,0
growth_stage,1,0,0
growth_stage,1,1,0
growth_stage,1,2,0
growth_stage,1,3,0
growth_stage,1,4,0
growth_stage,1,5,0
growth_stage,2,0,0
growth_stage,2,1,0
growth_stage,2,2,0
growth_stage,2,3,0
growth_stage,2,4,0
growth_stage,2,5,0
growth_stage,3,0,0
growth_stage,3,1,0
growth_stage,3,2,0
growth_stage,3,3,0
growth_stage,3,4,0
growth_stage,3,5,0
growth_stage,4,0,0
growth_stage,4,1,0
growth_stage,4,2,0
growth_stage,4,3,0
growth_stage,4,4,0
growth_stage,4,5,0
growth_stage,5,0,0
growth_stage,5,1,0
growth_stage,5,2,0
growth_stage,5,3,0
growth_stage,5,4,0
growth_stage,5,5,0
health_level,0,0,60
health_level,0,1,138
health_level,0,2,167
health_level,0,3,1
health_level,1,0,0
health_level,1,1,0
health_level,1,2,0
health_level,1,3,0
health_level,2,0,46
health_level,2,1,287
health_level,2,2,682
health_level,2,3,0
health_level,3,0,0
health_level,3,1,0
health_level,3,2,0
health_level,3,3,0
maturity_level,0,0,0
maturity_level,0,1,0
maturity_level,0,2,0
maturity_level,0,3,0
maturity_level,1,0,0
maturity_level,1,1,0
maturity_level,1,2,0
maturity_level,1,3,0
maturity_level,2,0,0
maturity_level,2,1,0
maturity_level,2,2,0
maturity_level,2,3,0
maturity_level,3,0,0
maturity_level,3,1,0
maturity_level,3,2,0
maturity_level,3,3,0
abnormal_alert,0,0,57
abnormal_alert,0,1,309
abnormal_alert,1,0,40
abnormal_alert,1,1,975
