image_id,capture_time,growth_stage_true,growth_stage_pred,growth_stage_valid,health_level_true,health_level_pred,health_level_valid,maturity_level_true,maturity_level_pred,maturity_level_valid,abnormal_alert_true,abnormal_alert_pred,abnormal_alert_valid
IMG_000013,2023-06-02 00:00:00,0,4,0,0,2,1,0,0,0,0,1,1
IMG_000023,2023-07-22 03:00:00,2,0,0,2,1,1,0,0,0,1,1,1
IMG_000025,2023-08-21 08:00:00,3,4,0,2,2,1,0,0,0,1,1,1
IMG_000028,2023-07-22 04:00:00,2,4,0,2,2,1,0,0,0,1,1,1
IMG_000039,2023-06-02 01:00:00,0,4,0,0,2,1,0,0,0,0,1,1
IMG_000052,2023-07-22 10:00:00,2,0,0,0,1,1,0,0,0,0,1,1
IMG_000060,2023-08-21 13:00:00,3,4,0,0,2,1,0,0,0,0,1,1
IMG_000062,2023-07-22 13:00:00,2,0,0,0,2,1,0,0,0,0,1,1
IMG_000066,2023-06-23 14:00:00,1,0,0,0,1,1,0,0,0,0,1,1
IMG_000067,2023-08-21 14:00:00,3,0,0,2,2,1,0,0,0,1,1,1
IMG_000071,2023-08-21 15:00:00,3,4,0,0,2,1,0,0,0,0,1,1
IMG_000077,2023-08-21 16:00:00,3,0,0,2,1,1,0,0,0,1,1,1
IMG_000078,2023-08-21 17:00:00,3,4,0,2,2,1,0,0,0,1,1,1
IMG_000080,2023-08-21 18:00:00,3,0,0,2,1,1,0,0,0,1,1,1
IMG_000081,2023-08-21 19:00:00,3,4,0,2,2,1,0,0,0,1,1,1
IMG_000091,2023-07-22 14:00:00,2,0,0,0,1,1,0,0,0,0,1,1
IMG_000093,2023-08-21 20:00:00,3,0,0,2,1,1,0,0,0,1,1,1
IMG_000094,2023-07-22 15:00:00,2,4,0,2,2,1,0,0,0,1,1,1
IMG_000095,2023-07-22 16:00:00,2,4,0,2,1,1,0,0,0,1,1,1
IMG_000096,2023-06-23 15:00:00,1,4,0,0,0,1,0,0,0,0,0,1
IMG_000116,2023-07-22 19:00:00,2,2,0,2,2,1,0,0,0,1,1,1
IMG_000124,2023-07-22 22:00:00,2,0,0,2,1,1,0,0,0,1,1,1
IMG_000132,2023-07-23 00:00:00,2,0,0,2,1,1,0,0,0,1,1,1
IMG_000137,2023-08-22 02:00:00,3,4,0,2,2,1,0,0,0,1,1,1
IMG_000151,2023-08-22 03:00:00,3,0,0,0,1,1,0,0,0,0,1,1
IMG_000154,2023-07-23 03:00:00,2,0,0,2,1,1,0,0,0,1,1,1
IMG_000156,2023-07-23 04:00:00,2,0,0,2,1,1,0,0,0,1,1,1
IMG_000157,2023-07-23 05:00:00,2,0,0,2,2,1,0,0,0,1,1,1
IMG_000167,2023-07-23 06:00:00,2,4,0,0,2,1,0,0,0,0,1,1
IMG_000170,2023-08-22 08:00:00,3,4,0,2,2,1,0,0,0,1,1,1
IMG_000178,2023-06-02 04:00:00,0,0,0,0,2,1,0,0,0,0,1,1
IMG_000179,2023-06-23 20:00:00,1,4,0,0,0,1,0,0,0,0,0,1
IMG_000186,2023-08-22 12:00:00,3,4,0,2,2,1,0,0,0,1,1,1
IMG_000188,2023-07-23 08:00:00,2,4,0,2,2,1,0,0,0,1,1,1
IMG_000196,2023-08-22 13:00:00,3,0,0,2,1,1,0,0,0,1,1,1
IMG_000201,2023-08-22 14:00:00,3,4,0,2,2,1,0,0,0,1,1,1
IMG_000204,2023-08-22 15:00:00,3,4,0,2,2,1,0,0,0,1,1,1
IMG_000205,2023-07-23 10:00:00,2,0,0,2,2,1,0,0,0,1,1,1
IMG_000206,2023-08-22 16:00:00,3,0,0,2,2,1,0,0,0,1,1,1
IMG_000209,2023-07-23 11:00:00,2,0,0,2,2,1,0,0,0,1,1,1
IMG_000218,2023-06-23 22:00:00,1,0,0,0,2,1,0,0,0,0,1,1
IMG_000232,2023-07-23 19:00:00,2,0,0,2,1,1,0,0,0,1,1,1
IMG_000234,2023-07-23 20:00:00,2,0,0,2,2,1,0,2,0,1,1,1
IMG_000246,2023-08-22 20:00:00,3,0,0,2,1,1,0,0,0,1,1,1
IMG_000257,2023-07-23 23:00:00,2,0,0,2,2,1,0,0,0,1,1,1
IMG_000263,2023-08-22 22:00:00,3,0,0,0,2,1,0,0,0,0,1,1
IMG_000265,2023-08-22 23:00:00,3,4,0,2,2,1,0,0,0,1,1,1
IMG_000266,2023-07-24 01:00:00,2,4,0,2,2,1,0,0,0,1,1,1
IMG_000282,2023-08-23 01:00:00,3,0,0,2,2,1,0,0,0,1,1,1
IMG_000283,2023-07-24 03:00:00,2,4,0,0,2,1,0,0,0,0,1,1
IMG_000288,2023-08-23 02:00:00,3,4,0,2,2,1,0,0,0,1,1,1
IMG_000301,2023-07-24 08:00:00,2,0,0,2,1,1,0,0,0,1,1,1
IMG_000328,2023-08-23 08:00:00,3,0,0,2,1,1,0,0,0,1,1,1
IMG_000329,2023-07-24 13:00:00,2,0,0,0,1,1,0,0,0,0,1,1
IMG_000335,2023-07-24 14:00:00,2,4,0,0,2,1,0,0,0,0,1,1
IMG_000340,2023-08-23 10:00:00,3,4,0,2,2,1,0,0,0,1,1,1
IMG_000342,2023-06-24 06:00:00,1,0,0,0,1,1,0,0,0,0,1,1
IMG_000359,2023-08-23 12:00:00,3,0,0,2,1,1,0,0,0,1,1,1
IMG_000362,2023-08-23 13:00:00,3,0,0,2,2,1,0,0,0,1,1,1
IMG_000375,2023-08-23 15:00:00,3,4,0,2,2,1,0,0,0,1,1,1
IMG_000394,2023-07-24 19:00:00,2,0,0,2,2,1,0,0,0,1,1,1
IMG_000395,2023-07-24 20:00:00,2,0,0,2,2,1,0,2,0,1,1,1
IMG_000409,2023-07-24 22:00:00,2,0,0,2,1,1,0,0,0,1,1,1
IMG_000419,2023-06-02 15:00:00,0,0,0,0,2,1,0,0,0,0,1,1
IMG_000427,2023-07-25 01:00:00,2,4,0,2,2,1,0,0,0,1,1,1
IMG_000430,2023-07-25 03:00:00,2,0,0,2,2,1,0,0,0,1,1,1
IMG_000454,2023-06-02 16:00:00,0,0,0,0,1,1,0,0,0,0,1,1
IMG_000464,2023-07-25 09:00:00,2,4,0,2,0,1,0,0,0,1,0,1
IMG_000467,2023-07-25 10:00:00,2,0,0,2,2,1,0,0,0,1,1,1
IMG_000478,2023-08-24 01:00:00,3,4,0,2,2,1,0,2,0,1,1,1
IMG_000482,2023-08-24 02:00:00,3,4,0,2,2,1,0,0,0,1,1,1
IMG_000483,2023-07-25 12:00:00,2,4,0,0,2,1,0,0,0,0,1,1
IMG_000487,2023-08-24 03:00:00,3,4,0,2,2,1,0,0,0,1,1,1
IMG_000492,2023-07-25 13:00:00,2,0,0,2,1,1,0,0,0,1,1,1
IMG_000493,2023-07-25 14:00:00,2,0,0,2,1,1,0,0,0,1,1,1
IMG_000506,2023-06-02 17:00:00,0,0,0,0,1,1,0,0,0,0,1,1
IMG_000511,2023-08-24 06:00:00,3,0,0,2,1,1,0,0,0,1,1,1
IMG_000513,2023-06-24 13:00:00,1,4,0,0,2,1,0,0,0,0,1,1
IMG_000524,2023-07-25 23:00:00,2,4,0,2,2,1,0,0,0,1,1,1
IMG_000527,2023-08-24 07:00:00,3,0,0,2,2,1,0,0,0,1,1,1
IMG_000533,2023-07-26 00:00:00,2,4,0,2,2,1,0,2,0,1,1,1
IMG_000535,2023-06-02 18:00:00,0,0,0,0,1,1,0,0,0,0,1,1
IMG_000544,2023-08-24 10:00:00,3,0,0,2,2,1,0,0,0,1,1,1
IMG_000546,2023-08-24 11:00:00,3,4,0,2,2,1,0,0,0,1,1,1
IMG_000560,2023-07-26 02:00:00,2,4,0,2,2,1,0,0,0,1,1,1
IMG_000562,2023-07-26 03:00:00,2,4,0,2,2,1,0,0,0,1,1,1
IMG_000571,2023-08-24 14:00:00,3,0,0,2,2,1,0,0,0,1,1,1
IMG_000587,2023-08-24 17:00:00,3,4,0,2,0,1,0,0,0,1,0,1
IMG_000598,2023-07-26 06:00:00,2,4,0,2,2,1,0,0,0,1,1,1
IMG_000608,2023-06-03 00:00:00,0,4,0,0,2,1,0,0,0,0,1,1
IMG_000612,2023-07-26 07:00:00,2,0,0,2,1,1,0,0,0,1,1,1
IMG_000616,2023-06-03 01:00:00,0,0,0,0,1,1,0,0,0,0,1,1
IMG_000619,2023-08-24 18:00:00,3,0,0,2,1,1,0,0,0,1,1,1
IMG_000625,2023-06-03 02:00:00,0,0,0,0,1,1,0,0,0,0,1,1
IMG_000632,2023-08-24 19:00:00,3,4,0,0,2,1,0,0,0,0,1,1
IMG_000644,2023-08-24 22:00:00,3,4,0,2,2,1,0,0,0,1,1,1
IMG_000646,2023-07-26 08:00:00,2,2,0,2,1,1,0,0,0,1,1,1
IMG_000647,2023-07-26 09:00:00,2,0,0,2,1,1,0,0,0,1,1,1
IMG_000655,2023-07-26 13:00:00,2,2,0,2,2,1,0,0,0,1,1,1
IMG_000661,2023-08-24 23:00:00,3,4,0,2,2,1,0,0,0,1,1,1
IMG_000663,2023-06-03 03:00:00,0,0,0,0,0,1,0,0,0,0,0,1
IMG_000682,2023-06-03 04:00:00,0,0,0,0,2,1,0,0,0,0,1,1
IMG_000692,2023-07-26 17:00:00,2,0,0,0,1,1,0,0,0,0,1,1
IMG_000695,2023-07-26 18:00:00,2,2,0,0,2,1,0,0,0,0,1,1
IMG_000706,2023-06-25 00:00:00,1,0,0,0,1,1,0,0,0,0,1,1
IMG_000711,2023-08-25 08:00:00,3,0,0,2,2,1,0,2,0,1,1,1
IMG_000717,2023-07-26 22:00:00,2,0,0,2,2,1,0,0,0,1,1,1
IMG_000728,2023-07-26 23:00:00,2,0,0,2,2,1,0,0,0,1,1,1
IMG_000747,2023-07-27 00:00:00,2,0,0,2,2,1,0,0,0,1,1,1
IMG_000760,2023-07-27 04:00:00,2,4,0,2,2,1,0,0,0,1,1,1
IMG_000763,2023-07-27 05:00:00,2,0,0,2,2,1,0,0,0,1,1,1
IMG_000768,2023-08-25 15:00:00,3,0,0,2,1,1,0,0,0,1,1,1
IMG_000781,2023-07-27 06:00:00,2,4,0,0,0,1,0,0,0,0,1,1
IMG_000782,2023-08-25 19:00:00,3,4,0,2,2,1,0,0,0,1,1,1
IMG_000784,2023-08-25 20:00:00,3,0,0,2,1,1,0,0,0,1,1,1
IMG_000787,2023-08-25 21:00:00,3,4,0,2,2,1,0,0,0,1,1,1
IMG_000790,2023-08-25 22:00:00,3,4,0,0,2,1,0,0,0,0,1,1
IMG_000791,2023-07-27 07:00:00,2,0,0,2,2,1,0,0,0,1,1,1
IMG_000800,2023-07-27 10:00:00,2,0,0,2,1,1,0,0,0,1,1,1
IMG_000803,2023-07-27 12:00:00,2,0,0,2,2,1,0,0,0,1,1,1
IMG_000811,2023-08-25 23:00:00,3,0,0,2,2,1,0,0,0,1,1,1
IMG_000818,2023-07-27 15:00:00,2,0,0,0,2,1,0,0,0,0,1,1
IMG_000822,2023-07-27 16:00:00,2,0,0,2,2,1,0,0,0,1,1,1
IMG_000823,2023-07-27 17:00:00,2,0,0,2,2,1,0,0,0,1,1,1
IMG_000839,2023-07-27 20:00:00,2,0,0,2,1,1,0,0,0,1,1,1
IMG_000842,2023-07-27 21:00:00,2,4,0,2,2,1,0,0,0,1,1,1
IMG_000844,2023-08-26 03:00:00,3,4,0,2,2,1,0,0,0,1,1,1
IMG_000845,2023-06-03 07:00:00,0,4,0,0,0,1,0,0,0,0,0,1
IMG_000859,2023-07-27 23:00:00,2,0,0,2,1,1,0,0,0,1,1,1
IMG_000866,2023-08-26 07:00:00,3,0,0,2,1,1,0,0,0,1,1,1
IMG_000869,2023-08-26 08:00:00,3,0,0,2,2,1,0,0,0,1,1,1
IMG_000877,2023-07-28 00:00:00,2,4,0,2,2,1,0,0,0,1,1,1
IMG_000880,2023-08-26 09:00:00,3,0,0,2,2,1,0,0,0,1,1,1
IMG_000886,2023-07-28 01:00:00,2,4,0,2,2,1,0,0,0,1,1,1
IMG_000890,2023-07-28 02:00:00,2,0,0,0,2,1,0,0,0,0,1,1
IMG_000911,2023-08-26 13:00:00,3,0,0,2,2,1,0,0,0,1,1,1
IMG_000919,2023-07-28 05:00:00,2,0,0,2,2,1,0,0,0,1,1,1
IMG_000934,2023-08-26 18:00:00,3,4,0,0,2,1,0,0,0,0,1,1
IMG_000938,2023-08-26 19:00:00,3,0,0,2,1,1,0,0,0,1,1,1
IMG_000961,2023-08-27 00:00:00,3,0,0,2,1,1,0,0,0,1,1,1
IMG_000963,2023-07-28 08:00:00,2,0,0,2,0,1,0,0,0,1,0,1
IMG_000969,2023-08-27 02:00:00,3,0,0,2,1,1,0,0,0,1,1,1
IMG_000977,2023-06-25 13:00:00,1,0,0,0,2,1,0,0,0,0,1,1
IMG_000978,2023-08-27 03:00:00,3,4,0,2,2,1,0,0,0,1,1,1
IMG_001003,2023-08-27 07:00:00,3,0,0,2,2,1,0,0,0,1,1,1
IMG_001006,2023-06-25 16:00:00,1,0,0,0,2,1,0,0,0,0,1,1
IMG_001013,2023-07-28 14:00:00,2,4,0,2,2,1,0,0,0,1,1,1
IMG_001016,2023-06-03 11:00:00,0,0,0,0,1,1,0,0,0,0,1,1
IMG_001021,2023-06-25 17:00:00,1,0,0,0,1,1,0,0,0,0,1,1
IMG_001024,2023-08-27 08:00:00,3,4,0,2,2,1,0,0,0,1,1,1
IMG_001030,2023-06-25 18:00:00,1,0,0,0,2,1,0,0,0,0,1,1
IMG_001034,2023-08-27 10:00:00,3,0,0,0,1,1,0,0,0,0,1,1
IMG_001044,2023-07-28 16:00:00,2,0,0,2,1,1,0,0,0,1,1,1
IMG_001046,2023-07-28 17:00:00,2,0,0,2,1,1,0,0,0,1,1,1
IMG_001050,2023-07-28 18:00:00,2,0,0,2,1,1,0,0,0,1,1,1
IMG_001054,2023-07-28 19:00:00,2,4,0,2,2,1,0,0,0,1,1,1
IMG_001061,2023-07-28 21:00:00,2,0,0,2,1,1,0,0,0,1,1,1
IMG_001062,2023-07-28 22:00:00,2,4,0,2,2,1,0,0,0,1,1,1
IMG_001063,2023-08-27 14:00:00,3,0,0,2,1,1,0,0,0,1,1,1
IMG_001068,2023-08-27 15:00:00,3,0,0,2,1,1,0,0,0,1,1,1
IMG_001099,2023-07-29 03:00:00,2,0,0,2,2,1,0,0,0,1,1,1
IMG_001151,2023-08-28 02:00:00,3,4,0,2,2,1,0,0,0,1,1,1
IMG_001157,2023-06-03 16:00:00,0,4,0,0,2,1,0,0,0,0,1,1
IMG_001169,2023-08-28 05:00:00,3,0,0,0,0,1,0,0,0,0,0,1
IMG_001174,2023-07-29 10:00:00,2,0,0,0,2,1,0,0,0,0,1,1
IMG_001225,2023-08-28 15:00:00,3,4,0,0,2,1,0,0,0,0,1,1
IMG_001235,2023-07-29 15:00:00,2,4,0,2,2,1,0,0,0,1,1,1
IMG_001244,2023-06-26 04:00:00,1,4,0,0,0,1,0,0,0,0,0,1
IMG_001249,2023-06-26 05:00:00,1,0,0,0,1,1,0,0,0,0,1,1
IMG_001250,2023-06-26 06:00:00,1,0,0,0,1,1,0,0,0,0,1,1
IMG_001258,2023-08-28 20:00:00,3,4,0,2,2,1,0,0,0,1,1,1
IMG_001270,2023-06-03 20:00:00,0,4,0,0,2,1,0,0,0,0,1,1
IMG_001286,2023-08-29 00:00:00,3,0,0,2,1,1,0,0,0,1,1,1
IMG_001293,2023-08-29 02:00:00,3,4,0,2,2,1,0,2,0,1,1,1
IMG_001299,2023-07-29 23:00:00,2,4,0,2,2,1,0,0,0,1,1,1
IMG_001303,2023-08-29 04:00:00,3,0,0,2,1,1,0,0,0,1,1,1
IMG_001310,2023-07-30 00:00:00,2,0,0,2,1,1,0,0,0,1,1,1
IMG_001316,2023-07-30 02:00:00,2,0,0,2,1,1,0,0,0,1,1,1
IMG_001320,2023-08-29 07:00:00,3,0,0,2,1,1,0,0,0,1,1,1
IMG_001328,2023-08-29 09:00:00,3,4,0,2,2,1,0,0,0,1,1,1
IMG_001339,2023-07-30 05:00:00,2,0,0,0,1,1,0,0,0,0,1,1
IMG_001347,2023-08-29 10:00:00,3,0,0,2,2,1,0,0,0,1,1,1
IMG_001360,2023-07-30 08:00:00,2,0,0,2,2,1,0,0,0,1,1,1
IMG_001369,2023-08-29 15:00:00,3,0,0,2,2,1,0,2,0,1,1,1
IMG_001370,2023-07-30 09:00:00,2,0,0,2,1,1,0,0,0,1,1,1
IMG_001376,2023-08-29 16:00:00,3,0,0,2,1,1,0,0,0,1,1,1
IMG_001380,2023-08-29 17:00:00,3,0,0,2,1,1,0,0,0,1,1,1
IMG_001385,2023-07-30 10:00:00,2,0,0,2,1,1,0,0,0,1,1,1
IMG_001390,2023-07-30 12:00:00,2,0,0,2,1,1,0,0,0,1,1,1
IMG_001409,2023-08-29 20:00:00,3,4,0,2,2,1,0,0,0,1,1,1
IMG_001413,2023-07-30 14:00:00,2,0,0,0,0,1,0,0,0,0,0,1
IMG_001423,2023-06-04 00:00:00,0,4,0,0,0,1,0,0,0,0,0,1
IMG_001437,2023-07-30 18:00:00,2,4,0,2,2,1,0,0,0,1,1,1
IMG_001451,2023-07-30 21:00:00,2,4,0,0,2,1,0,0,0,0,1,1
IMG_001459,2023-07-30 23:00:00,2,4,0,2,2,1,0,0,0,1,1,1
IMG_001465,2023-08-30 04:00:00,3,4,0,2,2,1,0,0,0,1,1,1
IMG_001470,2023-07-31 01:00:00,2,4,0,2,2,1,0,0,0,1,1,1
IMG_001476,2023-07-31 02:00:00,2,0,0,2,2,1,0,0,0,1,1,1
IMG_001482,2023-08-30 05:00:00,3,0,0,2,1,1,0,0,0,1,1,1
IMG_001496,2023-07-31 05:00:00,2,0,0,0,1,1,0,0,0,0,1,1
IMG_001497,2023-06-04 03:00:00,0,0,0,0,1,1,0,0,0,0,1,1
IMG_001511,2023-07-31 07:00:00,2,0,0,2,1,1,0,0,0,1,1,1
IMG_001515,2023-08-30 15:00:00,3,0,0,2,1,1,0,0,0,1,1,1
IMG_001517,2023-08-30 17:00:00,3,0,0,0,1,1,0,0,0,0,1,1
IMG_001522,2023-07-31 08:00:00,2,4,0,2,2,1,0,0,0,1,1,1
IMG_001528,2023-07-31 09:00:00,2,4,0,2,2,1,0,0,0,1,1,1
IMG_001534,2023-07-31 10:00:00,2,0,0,2,1,1,0,0,0,1,1,1
IMG_001535,2023-08-30 20:00:00,3,4,0,2,2,1,0,0,0,1,1,1
IMG_001538,2023-07-31 12:00:00,2,4,0,2,2,1,0,0,0,1,1,1
IMG_001540,2023-08-30 21:00:00,3,4,0,2,2,1,0,0,0,1,1,1
IMG_001543,2023-08-30 22:00:00,3,0,0,2,2,1,0,0,0,1,1,1
IMG_001546,2023-08-31 00:00:00,3,0,0,2,1,1,0,0,0,1,1,1
IMG_001559,2023-07-31 15:00:00,2,4,0,2,2,1,0,0,0,1,1,1
IMG_001566,2023-08-31 03:00:00,3,4,0,2,2,1,0,0,0,1,1,1
IMG_001570,2023-08-31 04:00:00,3,4,0,2,2,1,0,0,0,1,1,1
IMG_001581,2023-07-31 18:00:00,2,4,0,2,2,1,0,0,0,1,1,1
IMG_001591,2023-08-31 08:00:00,3,0,0,2,1,1,0,0,0,1,1,1
IMG_001592,2023-08-31 09:00:00,3,4,0,2,2,1,0,0,0,1,1,1
IMG_001609,2023-08-01 00:00:00,2,0,0,0,1,1,0,0,0,0,1,1
IMG_001618,2023-08-01 03:00:00,2,0,0,2,1,1,0,0,0,1,1,1
IMG_001625,2023-08-31 12:00:00,3,0,0,2,1,1,0,0,0,1,1,1
IMG_001628,2023-08-31 13:00:00,3,4,0,0,2,1,0,0,0,0,1,1
IMG_001639,2023-08-31 16:00:00,3,4,0,2,2,1,0,0,0,1,1,1
IMG_001649,2023-08-31 17:00:00,3,0,0,2,1,1,0,0,0,1,1,1
IMG_001664,2023-08-01 09:00:00,2,4,0,0,0,1,0,0,0,0,0,1
IMG_001666,2023-08-01 10:00:00,2,0,0,2,2,1,0,0,0,1,1,1
IMG_001668,2023-06-04 05:00:00,0,4,0,0,2,1,0,0,0,0,1,1
IMG_001672,2023-08-01 11:00:00,2,0,0,0,1,1,0,0,0,0,1,1
IMG_001677,2023-08-01 12:00:00,2,0,0,2,1,1,0,0,0,1,1,1
IMG_001678,2023-08-31 21:00:00,3,0,0,0,2,1,0,0,0,0,1,1
IMG_001692,2023-09-01 00:00:00,3,4,0,2,2,1,0,0,0,1,1,1
IMG_001697,2023-09-01 01:00:00,3,0,0,2,2,1,0,2,0,1,1,1
IMG_001700,2023-08-01 15:00:00,2,0,0,2,2,1,0,0,0,1,1,1
IMG_001702,2023-09-01 03:00:00,3,4,0,0,2,1,0,0,0,0,1,1
IMG_001703,2023-09-01 04:00:00,3,4,0,2,2,1,0,0,0,1,1,1
IMG_001706,2023-08-01 16:00:00,2,4,0,2,2,1,0,0,0,1,1,1
IMG_001718,2023-09-01 06:00:00,3,4,0,2,2,1,0,0,0,1,1,1
IMG_001719,2023-09-01 07:00:00,3,4,0,2,2,1,0,0,0,1,1,1
IMG_001725,2023-08-03 11:00:00,2,0,0,2,1,1,0,0,0,1,1,1
IMG_001737,2023-09-01 09:00:00,3,0,0,2,2,1,0,0,0,1,1,1
IMG_001741,2023-09-01 11:00:00,3,4,0,2,2,1,0,0,0,1,1,1
IMG_001743,2023-08-03 14:00:00,2,0,0,2,2,1,0,0,0,1,1,1
IMG_001756,2023-08-03 15:00:00,2,0,0,2,1,1,0,0,0,1,1,1
IMG_001764,2023-08-03 18:00:00,2,0,0,2,2,1,0,0,0,1,1,1
IMG_001768,2023-08-03 20:00:00,2,0,0,2,1,1,0,0,0,1,1,1
IMG_001774,2023-06-27 06:00:00,1,0,0,0,1,1,0,0,0,0,1,1
IMG_001776,2023-08-03 21:00:00,2,0,0,2,1,1,0,0,0,1,1,1
IMG_001779,2023-09-01 16:00:00,3,0,0,2,1,1,0,0,0,1,1,1
IMG_001804,2023-09-01 20:00:00,3,4,0,2,2,1,0,0,0,1,1,1
IMG_001811,2023-08-04 02:00:00,2,0,0,2,1,1,0,0,0,1,1,1
IMG_001816,2023-08-04 03:00:00,2,4,0,2,2,1,0,0,0,1,1,1
IMG_001820,2023-06-04 12:00:00,0,0,0,0,0,1,0,0,0,0,1,1
IMG_001837,2023-09-02 00:00:00,3,4,0,2,2,1,0,0,0,1,1,1
IMG_001841,2023-06-27 08:00:00,1,0,0,0,2,1,0,0,0,0,1,1
IMG_001860,2023-08-04 12:00:00,2,4,0,0,2,1,0,0,0,0,1,1
IMG_001863,2023-08-04 13:00:00,2,0,0,2,2,1,0,0,0,1,1,1
IMG_001869,2023-09-02 02:00:00,3,4,0,2,2,1,0,0,0,1,1,1
IMG_001888,2023-09-02 04:00:00,3,0,0,2,1,1,0,0,0,1,1,1
IMG_001892,2023-08-04 18:00:00,2,0,0,2,1,1,0,0,0,1,1,1
IMG_001897,2023-09-02 06:00:00,3,0,0,2,2,1,0,0,0,1,1,1
IMG_001898,2023-08-04 20:00:00,2,4,0,2,2,1,0,0,0,1,1,1
IMG_001901,2023-08-04 21:00:00,2,0,0,2,1,1,0,0,0,1,1,1
IMG_001902,2023-08-04 22:00:00,2,0,0,2,1,1,0,0,0,1,1,1
IMG_001907,2023-08-05 00:00:00,2,0,0,2,1,1,0,0,0,1,1,1
IMG_001917,2023-09-02 07:00:00,3,0,0,2,2,1,0,0,0,1,1,1
IMG_001918,2023-09-02 08:00:00,3,0,0,2,1,1,0,0,0,1,1,1
IMG_001919,2023-08-05 01:00:00,2,4,0,0,2,1,0,0,0,0,1,1
IMG_001924,2023-09-02 10:00:00,3,0,0,2,1,1,0,0,0,1,1,1
IMG_001935,2023-09-02 12:00:00,3,4,0,2,2,1,0,0,0,1,1,1
IMG_001953,2023-08-05 04:00:00,2,0,0,0,1,1,0,0,0,0,1,1
IMG_001964,2023-09-02 15:00:00,3,0,0,0,1,1,0,0,0,0,1,1
IMG_001979,2023-08-05 05:00:00,2,0,0,2,1,1,0,0,0,1,1,1
IMG_001981,2023-08-05 07:00:00,2,4,0,2,2,1,0,0,0,1,1,1
IMG_001996,2023-08-05 08:00:00,2,0,0,2,1,1,0,0,0,1,1,1
IMG_001998,2023-09-02 21:00:00,3,0,0,2,2,1,0,0,0,1,1,1
IMG_002016,2023-09-03 00:00:00,3,0,0,2,2,1,0,0,0,1,1,1
IMG_002018,2023-08-05 10:00:00,2,4,0,2,2,1,0,0,0,1,1,1
IMG_002023,2023-09-03 01:00:00,3,4,0,2,2,1,0,0,0,1,1,1
IMG_002029,2023-09-03 02:00:00,3,0,0,2,1,1,0,0,0,1,1,1
IMG_002030,2023-09-03 03:00:00,3,4,0,2,2,1,0,0,0,1,1,1
IMG_002033,2023-09-03 04:00:00,3,4,0,2,2,1,0,2,0,1,1,1
IMG_002037,2023-08-05 13:00:00,2,0,0,2,2,1,0,0,0,1,1,1
IMG_002056,2023-08-05 17:00:00,2,0,0,0,2,1,0,0,0,0,1,1
IMG_002058,2023-09-03 06:00:00,3,4,0,2,2,1,0,0,0,1,1,1
IMG_002070,2023-09-03 07:00:00,3,0,0,2,2,1,0,0,0,1,1,1
IMG_002076,2023-08-05 21:00:00,2,4,0,2,0,1,0,0,0,1,1,1
IMG_002082,2023-09-03 09:00:00,3,0,0,0,0,1,0,0,0,0,0,1
IMG_002091,2023-08-06 00:00:00,2,4,0,2,2,1,0,0,0,1,1,1
IMG_002092,2023-08-06 01:00:00,2,0,0,0,1,1,0,0,0,0,1,1
IMG_002096,2023-08-06 02:00:00,2,4,0,2,2,1,0,0,0,1,1,1
IMG_002100,2023-08-06 03:00:00,2,0,0,2,1,1,0,0,0,1,1,1
IMG_002103,2023-08-06 04:00:00,2,0,0,2,2,1,0,0,0,1,1,1
IMG_002105,2023-09-03 11:00:00,3,4,0,2,2,1,0,0,0,1,1,1
IMG_002113,2023-09-03 14:00:00,3,0,0,2,2,1,0,0,0,1,1,1
IMG_002114,2023-09-03 15:00:00,3,4,0,2,2,1,0,0,0,1,1,1
IMG_002122,2023-09-03 17:00:00,3,4,0,2,2,1,0,0,0,1,1,1
IMG_002128,2023-09-03 19:00:00,3,0,0,2,1,1,0,0,0,1,1,1
IMG_002137,2023-08-06 07:00:00,2,0,0,2,1,1,0,0,0,1,1,1
IMG_002143,2023-08-06 09:00:00,2,4,0,2,2,1,0,0,0,1,1,1
IMG_002147,2023-09-03 23:00:00,3,0,0,2,1,1,0,0,0,1,1,1
IMG_002155,2023-09-04 01:00:00,3,4,0,0,0,1,0,0,0,0,0,1
IMG_002157,2023-09-04 03:00:00,3,4,0,0,2,1,0,0,0,0,1,1
IMG_002172,2023-09-04 06:00:00,3,4,0,0,2,1,0,0,0,0,1,1
IMG_002182,2023-09-04 07:00:00,3,4,0,2,2,1,0,0,0,1,1,1
IMG_002183,2023-09-04 08:00:00,3,0,0,2,0,1,0,0,0,1,1,1
IMG_002186,2023-09-04 09:00:00,3,4,0,2,2,1,0,0,0,1,1,1
IMG_002188,2023-08-06 16:00:00,2,0,0,2,1,1,0,0,0,1,1,1
IMG_002197,2023-08-06 18:00:00,2,0,0,2,2,1,0,0,0,1,1,1
IMG_002199,2023-08-06 19:00:00,2,4,0,0,0,1,0,0,0,0,0,1
IMG_002210,2023-09-04 15:00:00,3,0,0,2,2,1,0,0,0,1,1,1
IMG_002213,2023-09-04 16:00:00,3,4,0,2,2,1,0,0,0,1,1,1
IMG_002224,2023-08-06 20:00:00,2,4,0,0,0,1,0,0,0,0,0,1
IMG_002228,2023-08-06 22:00:00,2,4,0,2,2,1,0,0,0,1,1,1
IMG_002247,2023-09-04 19:00:00,3,4,0,0,2,1,0,0,0,0,1,1
IMG_002254,2023-09-04 21:00:00,3,0,0,2,2,1,0,2,0,1,1,1
IMG_002266,2023-08-07 02:00:00,2,4,0,2,2,1,0,0,0,1,1,1
IMG_002269,2023-09-04 22:00:00,3,0,0,2,1,1,0,0,0,1,1,1
IMG_002270,2023-09-04 23:00:00,3,0,0,2,2,1,0,2,0,1,1,1
IMG_002282,2023-08-07 05:00:00,2,4,0,2,2,1,0,2,0,1,1,1
IMG_002283,2023-08-07 06:00:00,2,4,0,2,2,1,0,0,0,1,1,1
IMG_002292,2023-09-05 01:00:00,3,4,0,2,2,1,0,0,0,1,1,1
IMG_002322,2023-09-05 05:00:00,3,0,0,0,1,1,0,0,0,0,1,1
IMG_002325,2023-09-05 08:00:00,3,4,0,2,2,1,0,0,0,1,1,1
IMG_002335,2023-08-07 12:00:00,2,0,0,0,2,1,0,0,0,0,1,1
IMG_002343,2023-06-27 23:00:00,1,0,0,0,1,1,0,0,0,0,1,1
IMG_002351,2023-09-05 10:00:00,3,0,0,0,0,1,0,0,0,0,0,1
IMG_002355,2023-06-05 05:00:00,0,4,0,0,0,1,0,0,0,0,0,1
IMG_002360,2023-08-07 15:00:00,2,4,0,0,0,1,0,0,0,0,0,1
IMG_002367,2023-08-07 16:00:00,2,4,0,2,2,1,0,0,0,1,1,1
IMG_002389,2023-09-05 16:00:00,3,4,0,2,2,1,0,0,0,1,1,1
IMG_002390,2023-08-07 17:00:00,2,4,0,2,2,1,0,0,0,1,1,1
IMG_002397,2023-09-05 18:00:00,3,0,0,0,2,1,0,0,0,0,1,1
IMG_002401,2023-08-07 19:00:00,2,4,0,2,2,1,0,0,0,1,1,1
IMG_002435,2023-09-06 00:00:00,3,0,0,2,1,1,0,0,0,1,1,1
IMG_002436,2023-09-06 01:00:00,3,0,0,2,1,1,0,0,0,1,1,1
IMG_002441,2023-08-07 22:00:00,2,0,0,2,2,1,0,0,0,1,1,1
IMG_002449,2023-09-06 03:00:00,3,4,0,2,2,1,0,0,0,1,1,1
IMG_002459,2023-06-05 07:00:00,0,0,0,0,1,1,0,0,0,0,1,1
IMG_002469,2023-08-08 02:00:00,2,0,0,2,1,1,0,0,0,1,1,1
IMG_002475,2023-09-06 07:00:00,3,0,0,2,1,1,0,0,0,1,1,1
IMG_002478,2023-09-06 08:00:00,3,4,0,2,2,1,0,0,0,1,1,1
IMG_002479,2023-06-28 06:00:00,1,0,0,0,1,1,0,0,0,0,1,1
IMG_002487,2023-09-06 10:00:00,3,0,0,0,1,1,0,0,0,0,1,1
IMG_002493,2023-09-06 11:00:00,3,4,0,2,2,1,0,0,0,1,1,1
IMG_002494,2023-08-08 05:00:00,2,0,0,2,2,1,0,0,0,1,1,1
IMG_002505,2023-08-08 06:00:00,2,0,0,2,1,1,0,0,0,1,1,1
IMG_002514,2023-08-08 08:00:00,2,4,0,2,2,1,0,0,0,1,1,1
IMG_002515,2023-08-08 09:00:00,2,4,0,0,2,1,0,0,0,0,1,1
IMG_002524,2023-08-08 11:00:00,2,4,0,0,0,1,0,0,0,0,0,1
IMG_002531,2023-08-08 12:00:00,2,4,0,2,2,1,0,0,0,1,1,1
IMG_002540,2023-09-06 19:00:00,3,4,0,0,0,1,0,0,0,0,0,1
IMG_002547,2023-09-06 20:00:00,3,0,0,0,1,1,0,0,0,0,1,1
IMG_002549,2023-08-08 19:00:00,2,0,0,0,2,1,0,0,0,0,1,1
IMG_002555,2023-09-06 21:00:00,3,0,0,2,1,1,0,0,0,1,1,1
IMG_002587,2023-08-09 03:00:00,2,0,0,2,1,1,0,0,0,1,1,1
IMG_002606,2023-09-07 05:00:00,3,0,0,2,2,1,0,0,0,1,1,1
IMG_002620,2023-08-09 06:00:00,2,0,0,2,1,1,0,0,0,1,1,1
IMG_002629,2023-09-07 11:00:00,3,4,0,2,2,1,0,0,0,1,1,1
IMG_002637,2023-06-28 13:00:00,1,0,0,0,1,1,0,0,0,0,1,1
IMG_002639,2023-06-05 14:00:00,0,4,0,0,2,1,0,0,0,0,1,1
IMG_002641,2023-09-07 14:00:00,3,4,0,2,2,1,0,0,0,1,1,1
IMG_002647,2023-08-09 08:00:00,2,0,0,0,2,1,0,0,0,0,1,1
IMG_002649,2023-08-09 09:00:00,2,0,0,0,2,1,0,0,0,0,1,1
IMG_002658,2023-09-07 16:00:00,3,4,0,2,2,1,0,0,0,1,1,1
IMG_002665,2023-06-05 15:00:00,0,0,0,0,1,1,0,0,0,0,1,1
IMG_002666,2023-08-09 12:00:00,2,0,0,2,1,1,0,0,0,1,1,1
IMG_002670,2023-09-07 18:00:00,3,4,0,2,2,1,0,0,0,1,1,1
IMG_002675,2023-08-09 16:00:00,2,4,0,2,2,1,0,0,0,1,1,1
IMG_002685,2023-08-09 20:00:00,2,0,0,2,2,1,0,0,0,1,1,1
IMG_002690,2023-08-09 22:00:00,2,0,0,2,2,1,0,0,0,1,1,1
IMG_002691,2023-09-08 00:00:00,3,4,0,2,0,1,0,2,0,1,0,1
IMG_002699,2023-08-10 00:00:00,2,4,0,2,2,1,0,0,0,1,1,1
IMG_002700,2023-08-10 01:00:00,2,0,0,2,1,1,0,0,0,1,1,1
IMG_002701,2023-08-10 02:00:00,2,4,0,2,2,1,0,0,0,1,1,1
IMG_002707,2023-06-05 17:00:00,0,4,0,0,0,1,0,0,0,0,0,1
IMG_002713,2023-08-10 03:00:00,2,0,0,2,2,1,0,0,0,1,1,1
IMG_002716,2023-09-08 02:00:00,3,4,0,2,0,1,0,0,0,1,0,1
IMG_002750,2023-08-10 07:00:00,2,4,0,2,2,1,0,0,0,1,1,1
IMG_002754,2023-08-10 08:00:00,2,0,0,2,2,1,0,0,0,1,1,1
IMG_002756,2023-09-08 09:00:00,3,0,0,0,2,1,0,0,0,0,1,1
IMG_002759,2023-08-10 09:00:00,2,0,0,2,2,1,0,0,0,1,1,1
IMG_002760,2023-09-08 10:00:00,3,4,0,2,2,1,0,0,0,1,1,1
IMG_002792,2023-09-08 16:00:00,3,4,0,2,2,1,0,2,0,1,1,1
IMG_002796,2023-08-10 13:00:00,2,2,0,0,2,1,0,0,0,0,1,1
IMG_002806,2023-08-10 14:00:00,2,0,0,2,2,1,0,0,0,1,1,1
IMG_002808,2023-09-08 17:00:00,3,4,0,2,2,1,0,0,0,1,1,1
IMG_002817,2023-08-10 15:00:00,2,4,0,2,2,1,0,0,0,1,1,1
IMG_002833,2023-09-08 21:00:00,3,0,0,2,1,1,0,0,0,1,1,1
IMG_002840,2023-08-10 20:00:00,2,4,0,2,2,1,0,0,0,1,1,1
IMG_002851,2023-08-10 22:00:00,2,4,0,2,2,1,0,2,0,1,1,1
IMG_002856,2023-08-11 00:00:00,2,0,0,2,1,1,0,0,0,1,1,1
IMG_002863,2023-08-11 01:00:00,2,0,0,2,2,1,0,0,0,1,1,1
IMG_002865,2023-09-09 00:00:00,3,4,0,2,2,1,0,2,0,1,1,1
IMG_002871,2023-09-09 01:00:00,3,4,0,2,2,1,0,0,0,1,1,1
IMG_002878,2023-08-11 04:00:00,2,0,0,2,2,1,0,0,0,1,1,1
IMG_002891,2023-06-06 01:00:00,0,0,0,0,2,1,0,0,0,0,1,1
IMG_002895,2023-08-11 06:00:00,2,4,0,2,2,1,0,2,0,1,1,1
IMG_002904,2023-08-11 08:00:00,2,0,0,2,2,1,0,0,0,1,1,1
IMG_002908,2023-09-09 04:00:00,3,4,0,2,2,1,0,0,0,1,1,1
IMG_002911,2023-06-29 03:00:00,1,0,0,0,1,1,0,0,0,0,1,1
IMG_002923,2023-09-09 08:00:00,3,0,0,2,1,1,0,0,0,1,1,1
IMG_002939,2023-09-09 13:00:00,3,4,0,0,2,1,0,0,0,0,1,1
IMG_002943,2023-09-09 14:00:00,3,0,0,2,2,1,0,0,0,1,1,1
IMG_002950,2023-08-11 14:00:00,2,0,0,2,1,1,0,0,0,1,1,1
IMG_002958,2023-08-11 15:00:00,2,4,0,2,2,1,0,0,0,1,1,1
IMG_002967,2023-09-09 19:00:00,3,0,0,2,2,1,0,0,0,1,1,1
IMG_002989,2023-08-11 18:00:00,2,0,0,2,1,1,0,0,0,1,1,1
IMG_003004,2023-06-06 05:00:00,0,4,0,0,2,1,0,0,0,0,1,1
IMG_003006,2023-08-11 22:00:00,2,0,0,2,2,1,0,0,0,1,1,1
IMG_003010,2023-08-11 23:00:00,2,4,0,2,2,1,0,2,0,1,1,1
IMG_003014,2023-08-12 01:00:00,2,4,0,0,2,1,0,0,0,0,1,1
IMG_003016,2023-08-12 03:00:00,2,4,0,2,2,1,0,0,0,1,1,1
IMG_003020,2023-09-09 23:00:00,3,4,0,2,2,1,0,0,0,1,1,1
IMG_003022,2023-06-06 06:00:00,0,0,0,0,1,1,0,0,0,0,1,1
IMG_003023,2023-09-10 01:00:00,3,4,0,0,2,1,0,0,0,0,1,1
IMG_003037,2023-09-10 02:00:00,3,4,0,2,2,1,0,2,0,1,1,1
IMG_003048,2023-06-29 08:00:00,1,0,0,0,1,1,0,0,0,0,1,1
IMG_003051,2023-08-12 07:00:00,2,0,0,2,2,1,0,2,0,1,1,1
IMG_003075,2023-09-10 07:00:00,3,4,0,2,2,1,0,0,0,1,1,1
IMG_003079,2023-08-12 11:00:00,2,0,0,2,1,1,0,0,0,1,1,1
IMG_003099,2023-09-10 12:00:00,3,4,0,2,2,1,0,0,0,1,1,1
IMG_003105,2023-08-12 14:00:00,2,4,0,2,2,1,0,0,0,1,1,1
IMG_003107,2023-08-12 15:00:00,2,4,0,2,2,1,0,0,0,1,1,1
IMG_003123,2023-09-10 17:00:00,3,4,0,2,2,1,0,0,0,1,1,1
IMG_003125,2023-09-10 18:00:00,3,0,0,2,1,1,0,0,0,1,1,1
IMG_003126,2023-09-10 19:00:00,3,4,0,2,2,1,0,0,0,1,1,1
IMG_003128,2023-09-10 20:00:00,3,4,0,2,2,1,0,2,0,1,1,1
IMG_003129,2023-08-12 21:00:00,2,0,0,2,2,1,0,0,0,1,1,1
IMG_003134,2023-09-10 22:00:00,3,0,0,2,1,1,0,0,0,1,1,1
IMG_003136,2023-06-29 11:00:00,1,4,0,0,2,1,0,0,0,0,1,1
IMG_003156,2023-09-11 00:00:00,3,4,0,2,0,1,0,0,0,1,0,1
IMG_003158,2023-09-11 01:00:00,3,4,0,0,2,1,0,0,0,0,1,1
IMG_003159,2023-08-13 01:00:00,2,0,0,2,1,1,0,0,0,1,1,1
IMG_003173,2023-09-11 02:00:00,3,4,0,2,2,1,0,0,0,1,1,1
IMG_003176,2023-08-13 05:00:00,2,0,0,0,2,1,0,0,0,0,1,1
IMG_003180,2023-08-13 06:00:00,2,4,0,2,2,1,0,0,0,1,1,1
IMG_003186,2023-09-11 04:00:00,3,4,0,2,2,1,0,0,0,1,1,1
IMG_003196,2023-08-13 10:00:00,2,0,0,2,0,1,0,0,0,1,0,1
IMG_003198,2023-09-11 05:00:00,3,4,0,2,2,1,0,2,0,1,1,1
IMG_003200,2023-08-13 11:00:00,2,0,0,2,2,1,0,0,0,1,1,1
IMG_003203,2023-08-13 12:00:00,2,4,0,2,0,1,0,0,0,1,0,1
IMG_003204,2023-09-11 07:00:00,3,4,0,2,2,1,0,0,0,1,1,1
IMG_003207,2023-09-11 08:00:00,3,0,0,2,2,1,0,0,0,1,1,1
IMG_003218,2023-08-13 15:00:00,2,4,0,2,2,1,0,0,0,1,1,1
IMG_003226,2023-08-13 16:00:00,2,0,0,0,2,1,0,0,0,0,1,1
IMG_003230,2023-08-13 17:00:00,2,0,0,0,1,1,0,0,0,0,1,1
IMG_003232,2023-09-11 13:00:00,3,4,0,2,2,1,0,0,0,1,1,1
IMG_003237,2023-09-11 15:00:00,3,4,0,2,2,1,0,0,0,1,1,1
IMG_003256,2023-09-11 18:00:00,3,0,0,2,1,1,0,0,0,1,1,1
IMG_003263,2023-09-11 19:00:00,3,0,0,2,2,1,0,0,0,1,1,1
IMG_003267,2023-06-29 19:00:00,1,4,0,0,0,1,0,0,0,0,0,1
IMG_003274,2023-08-14 03:00:00,2,4,0,2,2,1,0,0,0,1,1,1
IMG_003277,2023-08-14 05:00:00,2,4,0,2,2,1,0,0,0,1,1,1
IMG_003286,2023-08-14 06:00:00,2,2,0,2,2,1,0,0,0,1,1,1
IMG_003290,2023-06-29 20:00:00,1,0,0,0,0,1,0,0,0,0,0,1
IMG_003305,2023-08-14 11:00:00,2,0,0,0,1,1,0,0,0,0,1,1
IMG_003323,2023-09-12 02:00:00,3,0,0,2,2,1,0,0,0,1,1,1
IMG_003330,2023-09-12 04:00:00,3,0,0,2,2,1,0,0,0,1,1,1
IMG_003346,2023-08-14 14:00:00,2,4,0,0,2,1,0,0,0,0,1,1
IMG_003350,2023-09-12 09:00:00,3,0,0,2,2,1,0,0,0,1,1,1
IMG_003357,2023-09-12 10:00:00,3,4,0,2,2,1,0,0,0,1,1,1
IMG_003358,2023-09-12 11:00:00,3,4,0,2,2,1,0,2,0,1,1,1
IMG_003359,2023-08-14 16:00:00,2,4,0,2,2,1,0,0,0,1,1,1
IMG_003360,2023-09-12 12:00:00,3,0,0,2,2,1,0,0,0,1,1,1
IMG_003361,2023-09-12 13:00:00,3,4,0,2,2,1,0,0,0,1,1,1
IMG_003369,2023-08-14 19:00:00,2,4,0,2,2,1,0,0,0,1,1,1
IMG_003372,2023-08-14 20:00:00,2,0,0,2,0,1,0,0,0,1,0,1
IMG_003376,2023-09-12 16:00:00,3,0,0,2,2,1,0,0,0,1,1,1
IMG_003384,2023-09-12 18:00:00,3,4,0,0,2,1,0,0,0,0,1,1
IMG_003392,2023-09-12 19:00:00,3,0,0,0,2,1,0,0,0,0,1,1
IMG_003409,2023-08-15 00:00:00,2,4,0,2,2,1,0,0,0,1,1,1
IMG_003417,2023-08-15 01:00:00,2,0,0,2,2,1,0,0,0,1,1,1
IMG_003421,2023-06-30 02:00:00,1,0,0,0,2,1,0,0,0,0,1,1
IMG_003422,2023-09-12 23:00:00,3,0,0,0,1,1,0,0,0,0,1,1
IMG_003426,2023-09-13 01:00:00,3,4,0,2,2,1,0,0,0,1,1,1
IMG_003427,2023-06-30 03:00:00,1,0,0,0,0,1,0,0,0,0,0,1
IMG_003441,2023-09-13 04:00:00,3,4,0,2,2,1,0,0,0,1,1,1
IMG_003451,2023-08-15 04:00:00,2,0,0,2,1,1,0,0,0,1,1,1
IMG_003458,2023-09-13 05:00:00,3,0,0,0,1,1,0,0,0,0,1,1
IMG_003463,2023-09-13 06:00:00,3,0,0,2,0,1,0,0,0,1,1,1
IMG_003476,2023-06-06 11:00:00,0,4,0,0,0,1,0,0,0,0,0,1
IMG_003481,2023-09-13 10:00:00,3,4,0,2,2,1,0,0,0,1,1,1
IMG_003482,2023-09-13 11:00:00,3,4,0,2,2,1,0,0,0,1,1,1
IMG_003487,2023-08-15 08:00:00,2,4,0,2,2,1,0,0,0,1,1,1
IMG_003493,2023-09-13 12:00:00,3,4,0,2,2,1,0,2,0,1,1,1
IMG_003530,2023-09-13 17:00:00,3,0,0,2,2,1,0,2,0,1,1,1
IMG_003533,2023-06-06 15:00:00,0,0,0,0,1,1,0,0,0,0,1,1
IMG_003534,2023-08-15 11:00:00,2,0,0,0,2,1,0,0,0,0,1,1
IMG_003536,2023-06-30 13:00:00,1,4,0,0,2,1,0,0,0,0,1,1
IMG_003540,2023-09-13 19:00:00,3,4,0,2,2,1,0,0,0,1,1,1
IMG_003546,2023-09-13 21:00:00,3,4,0,2,2,1,0,2,0,1,1,1
IMG_003548,2023-08-15 13:00:00,2,0,0,2,2,1,0,0,0,1,1,1
IMG_003555,2023-06-06 16:00:00,0,4,0,0,0,1,0,0,0,0,0,1
IMG_003559,2023-09-13 23:00:00,3,4,0,2,2,1,0,2,0,1,1,1
IMG_003561,2023-09-14 01:00:00,3,0,0,2,1,1,0,0,0,1,1,1
IMG_003582,2023-08-15 16:00:00,2,4,0,2,2,1,0,0,0,1,1,1
IMG_003584,2023-08-15 17:00:00,2,4,0,2,2,1,0,0,0,1,1,1
IMG_003588,2023-09-14 05:00:00,3,0,0,2,1,1,0,0,0,1,1,1
IMG_003599,2023-09-14 06:00:00,3,4,0,0,2,1,0,0,0,0,1,1
IMG_003608,2023-09-14 07:00:00,3,4,0,2,2,1,0,0,0,1,1,1
IMG_003611,2023-08-15 20:00:00,2,4,0,2,2,1,0,0,0,1,1,1
IMG_003613,2023-09-14 09:00:00,3,4,0,0,0,1,0,0,0,0,0,1
IMG_003620,2023-06-06 17:00:00,0,0,0,0,2,1,0,0,0,0,1,1
IMG_003622,2023-08-15 21:00:00,2,4,0,2,2,1,0,0,0,1,1,1
IMG_003633,2023-08-15 22:00:00,2,4,0,2,2,1,0,0,0,1,1,1
IMG_003634,2023-09-14 13:00:00,3,0,0,2,1,1,0,0,0,1,1,1
IMG_003641,2023-06-30 22:00:00,1,4,0,0,0,1,0,0,0,0,0,1
IMG_003649,2023-06-06 18:00:00,0,0,0,0,1,1,0,0,0,0,1,1
IMG_003653,2023-09-14 15:00:00,3,4,0,2,2,1,0,2,0,1,1,1
IMG_003657,2023-08-15 23:00:00,2,0,0,2,2,1,0,2,0,1,1,1
IMG_003664,2023-08-16 01:00:00,2,4,0,2,2,1,0,0,0,1,1,1
IMG_003673,2023-09-14 18:00:00,3,4,0,2,2,1,0,0,0,1,1,1
IMG_003674,2023-09-14 19:00:00,3,4,0,2,2,1,0,0,0,1,1,1
IMG_003677,2023-09-14 21:00:00,3,0,0,2,2,1,0,0,0,1,1,1
IMG_003682,2023-09-14 22:00:00,3,4,0,2,2,1,0,0,0,1,1,1
IMG_003696,2023-09-15 01:00:00,3,0,0,2,2,1,0,0,0,1,1,1
IMG_003698,2023-08-16 03:00:00,2,0,0,0,1,1,0,0,0,0,1,1
IMG_003700,2023-08-16 04:00:00,2,4,0,0,2,1,0,0,0,0,1,1
IMG_003707,2023-09-15 03:00:00,3,4,0,2,2,1,0,0,0,1,1,1
IMG_003711,2023-09-15 04:00:00,3,4,0,2,2,1,0,0,0,1,1,1
IMG_003712,2023-09-15 05:00:00,3,0,0,2,2,1,0,0,0,1,1,1
IMG_003713,2023-08-16 05:00:00,2,0,0,2,2,1,0,0,0,1,1,1
IMG_003715,2023-09-15 06:00:00,3,0,0,2,0,1,0,0,0,1,0,1
IMG_003719,2023-09-15 07:00:00,3,4,0,2,2,1,0,0,0,1,1,1
IMG_003720,2023-09-15 08:00:00,3,4,0,0,2,1,0,0,0,0,1,1
IMG_003724,2023-09-15 10:00:00,3,4,0,2,2,1,0,0,0,1,1,1
IMG_003730,2023-08-16 07:00:00,2,4,0,2,2,1,0,0,0,1,1,1
IMG_003733,2023-07-01 04:00:00,1,0,0,0,1,1,0,0,0,0,1,1
IMG_003742,2023-09-15 12:00:00,3,0,0,2,1,1,0,0,0,1,1,1
IMG_003756,2023-09-15 15:00:00,3,0,0,0,1,1,0,0,0,0,1,1
IMG_003766,2023-09-15 16:00:00,3,4,0,2,2,1,0,0,0,1,1,1
IMG_003767,2023-08-16 13:00:00,2,0,0,2,1,1,0,0,0,1,1,1
IMG_003774,2023-09-15 17:00:00,3,4,0,2,2,1,0,0,0,1,1,1
IMG_003777,2023-09-15 18:00:00,3,0,0,2,1,1,0,0,0,1,1,1
IMG_003784,2023-07-01 06:00:00,1,0,0,0,1,1,0,0,0,0,1,1
IMG_003794,2023-08-16 16:00:00,2,0,0,2,2,1,0,0,0,1,1,1
IMG_003803,2023-09-15 21:00:00,3,4,0,2,2,1,0,0,0,1,1,1
IMG_003829,2023-08-16 19:00:00,2,0,0,2,1,1,0,0,0,1,1,1
IMG_003831,2023-06-06 23:00:00,0,4,0,0,0,1,0,0,0,0,0,1
IMG_003836,2023-09-16 00:00:00,3,0,0,2,2,1,0,0,0,1,1,1
IMG_003839,2023-08-16 21:00:00,2,0,0,2,2,1,0,0,0,1,1,1
IMG_003847,2023-08-16 22:00:00,2,4,0,2,2,1,0,0,0,1,1,1
IMG_003849,2023-09-16 02:00:00,3,0,0,2,1,1,0,0,0,1,1,1
IMG_003857,2023-07-01 12:00:00,1,0,0,0,2,1,0,0,0,0,1,1
IMG_003860,2023-06-07 01:00:00,0,4,0,0,2,1,0,0,0,0,1,1
IMG_003866,2023-08-17 02:00:00,2,0,0,2,1,1,0,0,0,1,1,1
IMG_003875,2023-08-17 04:00:00,2,0,0,2,1,1,0,0,0,1,1,1
IMG_003896,2023-09-16 07:00:00,3,4,0,2,0,1,0,0,0,1,0,1
IMG_003930,2023-09-16 10:00:00,3,4,0,2,2,1,0,0,0,1,1,1
IMG_003933,2023-08-17 15:00:00,2,0,0,2,2,1,0,2,0,1,1,1
IMG_003955,2023-09-16 14:00:00,3,0,0,2,1,1,0,0,0,1,1,1
IMG_003973,2023-08-17 23:00:00,2,0,0,2,2,1,0,0,0,1,1,1
IMG_003974,2023-07-01 23:00:00,1,4,0,0,0,1,0,0,0,0,1,1
IMG_004006,2023-09-16 23:00:00,3,0,0,2,2,1,0,0,0,1,1,1
IMG_004036,2023-08-18 10:00:00,2,0,0,2,1,1,0,0,0,1,1,1
IMG_004055,2023-07-02 06:00:00,1,0,0,0,0,1,0,0,0,0,0,1
IMG_004065,2023-07-02 08:00:00,1,0,0,0,1,1,0,0,0,0,1,1
IMG_004066,2023-06-07 13:00:00,0,4,0,0,2,1,0,0,0,0,1,1
IMG_004068,2023-09-17 03:00:00,3,0,0,2,1,1,0,0,0,1,1,1
IMG_004077,2023-09-17 05:00:00,3,0,0,2,1,1,0,0,0,1,1,1
IMG_004086,2023-09-17 07:00:00,3,4,0,2,2,1,0,0,0,1,1,1
IMG_004087,2023-06-07 14:00:00,0,0,0,0,2,1,0,0,0,0,1,1
IMG_004096,2023-09-17 08:00:00,3,4,0,2,2,1,0,0,0,1,1,1
IMG_004097,2023-08-18 17:00:00,2,0,0,2,1,1,0,0,0,1,1,1
IMG_004101,2023-08-18 18:00:00,2,0,0,2,2,1,0,0,0,1,1,1
IMG_004104,2023-08-18 19:00:00,2,0,0,2,1,1,0,2,0,1,1,1
IMG_004107,2023-07-02 12:00:00,1,0,0,0,1,1,0,0,0,0,1,1
IMG_004112,2023-08-18 20:00:00,2,0,0,2,1,1,0,0,0,1,1,1
IMG_004113,2023-08-18 21:00:00,2,4,0,2,2,1,0,0,0,1,1,1
IMG_004116,2023-09-17 09:00:00,3,0,0,2,1,1,0,0,0,1,1,1
IMG_004131,2023-09-17 11:00:00,3,0,0,2,2,1,0,2,0,1,1,1
IMG_004133,2023-06-07 16:00:00,0,4,0,0,2,1,0,0,0,0,1,1
IMG_004134,2023-08-18 23:00:00,2,4,0,2,2,1,0,0,0,1,1,1
IMG_004143,2023-07-02 15:00:00,1,0,0,0,1,1,0,0,0,0,1,1
IMG_004146,2023-08-19 01:00:00,2,0,0,0,0,1,0,0,0,0,0,1
IMG_004147,2023-07-02 16:00:00,1,0,0,0,0,1,0,0,0,0,0,1
IMG_004152,2023-08-19 04:00:00,2,4,0,2,0,1,0,0,0,1,0,1
IMG_004158,2023-09-17 15:00:00,3,4,0,2,2,1,0,0,0,1,1,1
IMG_004169,2023-08-19 06:00:00,2,0,0,2,1,1,0,0,0,1,1,1
IMG_004188,2023-08-19 10:00:00,2,4,0,0,2,1,0,0,0,0,1,1
IMG_004196,2023-09-17 20:00:00,3,4,0,2,2,1,0,0,0,1,1,1
IMG_004204,2023-09-17 21:00:00,3,4,0,2,2,1,0,0,0,1,1,1
IMG_004205,2023-09-17 22:00:00,3,0,0,2,1,1,0,0,0,1,1,1
IMG_004234,2023-09-17 23:00:00,3,4,0,2,2,1,0,0,0,1,1,1
IMG_004237,2023-08-19 16:00:00,2,0,0,0,1,1,0,0,0,0,1,1
IMG_004239,2023-08-19 17:00:00,2,4,0,2,2,1,0,0,0,1,1,1
IMG_004242,2023-08-19 19:00:00,2,0,0,2,2,1,0,0,0,1,1,1
IMG_004260,2023-08-20 00:00:00,2,0,0,2,1,1,0,0,0,1,1,1
IMG_004266,2023-07-02 20:00:00,1,0,0,0,1,1,0,0,0,0,1,1
IMG_004268,2023-08-20 01:00:00,2,4,0,2,2,1,0,2,0,1,1,1
IMG_004272,2023-07-02 21:00:00,1,0,0,0,1,1,0,0,0,0,1,1
IMG_004282,2023-06-07 20:00:00,0,0,0,0,1,1,0,0,0,0,1,1
IMG_004292,2023-08-20 04:00:00,2,0,0,2,2,1,0,0,0,1,1,1
IMG_004306,2023-08-20 08:00:00,2,0,0,2,1,1,0,0,0,1,1,1
IMG_004322,2023-09-18 07:00:00,3,4,0,2,2,1,0,0,0,1,1,1
IMG_004326,2023-08-20 12:00:00,2,4,0,2,2,1,0,0,0,1,1,1
IMG_004340,2023-09-18 09:00:00,3,4,0,2,2,1,0,2,0,1,1,1
IMG_004353,2023-09-18 10:00:00,3,4,0,2,2,1,0,0,0,1,1,1
IMG_004370,2023-08-20 19:00:00,2,0,0,0,1,1,0,0,0,0,1,1
IMG_004371,2023-09-18 13:00:00,3,4,0,2,2,1,0,0,0,1,1,1
IMG_004373,2023-08-20 20:00:00,2,0,0,0,2,1,0,0,0,0,1,1
IMG_004382,2023-06-07 21:00:00,0,0,0,0,1,1,0,0,0,0,1,1
IMG_004401,2023-09-18 17:00:00,3,0,0,2,1,1,0,0,0,1,1,1
IMG_004412,2023-09-18 20:00:00,3,0,0,2,1,1,0,0,0,1,1,1
IMG_004414,2023-09-18 21:00:00,3,4,0,0,2,1,0,0,0,0,1,1
IMG_004418,2023-08-20 23:00:00,2,4,0,0,0,1,0,0,0,0,0,1
IMG_004445,2023-08-21 04:00:00,2,0,0,2,1,1,0,0,0,1,1,1
IMG_004447,2023-08-21 05:00:00,2,0,0,2,2,1,0,0,0,1,1,1
IMG_004468,2023-08-21 13:00:00,3,0,0,2,2,1,0,0,0,1,1,1
IMG_004469,2023-08-21 14:00:00,3,0,0,2,2,1,0,0,0,1,1,1
IMG_004470,2023-08-21 06:00:00,2,4,0,2,2,1,0,2,0,1,1,1
IMG_004474,2023-08-21 16:00:00,3,0,0,2,1,1,0,0,0,1,1,1
IMG_004492,2023-08-21 18:00:00,3,4,0,2,0,1,0,0,0,1,0,1
IMG_004497,2023-08-21 21:00:00,3,0,0,2,2,1,0,0,0,1,1,1
IMG_004534,2023-07-22 07:00:00,2,4,0,0,0,1,0,0,0,0,0,1
IMG_004541,2023-07-22 08:00:00,2,0,0,0,1,1,0,0,0,0,1,1
IMG_004543,2023-07-22 09:00:00,2,2,0,2,2,1,0,0,0,1,1,1
IMG_004545,2023-07-03 14:00:00,1,0,0,0,1,1,0,0,0,0,1,1
IMG_004546,2023-07-22 10:00:00,2,4,0,2,0,1,0,0,0,1,0,1
IMG_004551,2023-08-22 04:00:00,3,0,0,2,2,1,0,0,0,1,1,1
IMG_004561,2023-07-22 11:00:00,2,0,0,2,2,1,0,0,0,1,1,1
IMG_004570,2023-07-22 12:00:00,2,4,0,2,0,1,0,0,0,1,0,1
IMG_004571,2023-08-22 07:00:00,3,0,0,2,1,1,0,0,0,1,1,1
IMG_004581,2023-08-22 08:00:00,3,4,0,2,0,1,0,0,0,1,0,1
IMG_004603,2023-06-08 03:00:00,0,0,0,0,1,1,0,0,0,0,1,1
IMG_004605,2023-08-22 15:00:00,3,4,0,2,2,1,0,0,0,1,1,1
IMG_004610,2023-08-22 17:00:00,3,4,0,2,0,1,0,0,0,1,0,1
IMG_004619,2023-08-22 19:00:00,3,4,0,2,2,1,0,0,0,1,1,1
IMG_004624,2023-06-08 05:00:00,0,0,0,0,0,1,0,0,0,0,0,1
IMG_004628,2023-07-22 17:00:00,2,0,0,2,2,1,0,0,0,1,1,1
IMG_004636,2023-08-22 21:00:00,3,4,0,2,2,1,0,0,0,1,1,1
IMG_004653,2023-07-22 21:00:00,2,4,0,2,2,1,0,0,0,1,1,1
IMG_004685,2023-07-03 21:00:00,1,4,0,0,0,1,0,0,0,0,0,1
IMG_004695,2023-07-23 01:00:00,2,0,0,2,1,1,0,0,0,1,1,1
IMG_004697,2023-08-23 04:00:00,3,0,0,2,1,1,0,0,0,1,1,1
IMG_004704,2023-07-23 03:00:00,2,0,0,0,2,1,0,0,0,0,1,1
IMG_004709,2023-07-04 00:00:00,1,4,0,0,2,1,0,0,0,0,1,1
IMG_004715,2023-08-23 06:00:00,3,4,0,2,2,1,0,0,0,1,1,1
IMG_004724,2023-08-23 07:00:00,3,0,0,2,1,1,0,0,0,1,1,1
IMG_004732,2023-08-23 10:00:00,3,0,0,2,1,1,0,0,0,1,1,1
IMG_004733,2023-08-23 11:00:00,3,0,0,2,1,1,0,0,0,1,1,1
IMG_004738,2023-06-08 08:00:00,0,0,0,0,1,1,0,0,0,0,1,1
IMG_004742,2023-08-23 13:00:00,3,0,0,2,1,1,0,0,0,1,1,1
IMG_004747,2023-07-23 06:00:00,2,0,0,2,2,1,0,0,0,1,1,1
IMG_004758,2023-08-23 15:00:00,3,4,0,2,2,1,0,0,0,1,1,1
IMG_004797,2023-07-04 10:00:00,1,2,0,0,2,1,0,0,0,0,1,1
IMG_004802,2023-07-23 13:00:00,2,4,0,2,2,1,0,0,0,1,1,1
IMG_004814,2023-07-23 15:00:00,2,0,0,2,1,1,0,0,0,1,1,1
IMG_004816,2023-07-23 16:00:00,2,0,0,2,2,1,0,0,0,1,1,1
IMG_004823,2023-07-23 19:00:00,2,4,0,2,2,1,0,0,0,1,1,1
IMG_004831,2023-08-23 21:00:00,3,4,0,2,2,1,0,0,0,1,1,1
IMG_004834,2023-08-23 23:00:00,3,4,0,2,2,1,0,2,0,1,1,1
IMG_004835,2023-07-23 22:00:00,2,4,0,0,2,1,0,0,0,0,1,1
IMG_004852,2023-08-24 04:00:00,3,0,0,0,1,1,0,0,0,0,1,1
IMG_004861,2023-08-24 05:00:00,3,4,0,2,2,1,0,0,0,1,1,1
IMG_004869,2023-08-24 07:00:00,3,0,0,2,1,1,0,0,0,1,1,1
IMG_004872,2023-07-04 14:00:00,1,4,0,0,2,1,0,0,0,0,1,1
IMG_004877,2023-07-24 01:00:00,2,4,0,0,2,1,0,0,0,0,1,1
IMG_004886,2023-07-24 02:00:00,2,4,0,2,0,1,0,0,0,1,0,1
IMG_004888,2023-07-24 03:00:00,2,0,0,2,2,1,0,0,0,1,1,1
IMG_004891,2023-08-24 12:00:00,3,0,0,2,2,1,0,0,0,1,1,1
IMG_004892,2023-07-24 04:00:00,2,4,0,2,2,1,0,0,0,1,1,1
IMG_004894,2023-08-24 14:00:00,3,4,0,2,2,1,0,0,0,1,1,1
IMG_004897,2023-08-24 15:00:00,3,0,0,2,2,1,0,2,0,1,1,1
IMG_004899,2023-08-24 16:00:00,3,0,0,2,1,1,0,0,0,1,1,1
IMG_004905,2023-08-24 20:00:00,3,4,0,0,2,1,0,0,0,0,1,1
IMG_004911,2023-07-24 08:00:00,2,4,0,2,2,1,0,0,0,1,1,1
IMG_004929,2023-08-25 00:00:00,3,0,0,2,1,1,0,0,0,1,1,1
IMG_004937,2023-08-25 02:00:00,3,0,0,0,1,1,0,0,0,0,1,1
IMG_004939,2023-06-08 09:00:00,0,0,0,0,1,1,0,0,0,0,1,1
IMG_004940,2023-08-25 03:00:00,3,0,0,0,1,1,0,0,0,0,1,1
IMG_004947,2023-07-24 11:00:00,2,0,0,2,2,1,0,0,0,1,1,1
IMG_004949,2023-07-24 13:00:00,2,0,0,2,1,1,0,0,0,1,1,1
IMG_004953,2023-07-24 14:00:00,2,4,0,2,2,1,0,0,0,1,1,1
IMG_004966,2023-07-24 15:00:00,2,0,0,2,1,1,0,0,0,1,1,1
IMG_004985,2023-06-08 10:00:00,0,0,0,0,1,1,0,0,0,0,1,1
IMG_004989,2023-07-24 17:00:00,2,0,0,2,1,1,0,0,0,1,1,1
IMG_004998,2023-07-04 20:00:00,1,4,0,0,2,1,0,0,0,0,1,1
IMG_004999,2023-07-24 18:00:00,2,0,0,2,2,1,0,0,0,1,1,1
IMG_005006,2023-08-25 15:00:00,3,0,0,2,1,1,0,0,0,1,1,1
IMG_005008,2023-07-24 19:00:00,2,0,0,2,1,1,0,0,0,1,1,1
IMG_005011,2023-08-25 16:00:00,3,0,0,2,1,1,0,0,0,1,1,1
IMG_005016,2023-07-24 20:00:00,2,4,0,0,2,1,0,0,0,0,1,1
IMG_005040,2023-08-25 18:00:00,3,4,0,2,2,1,0,0,0,1,1,1
IMG_005042,2023-08-25 19:00:00,3,4,0,2,2,1,0,2,0,1,1,1
IMG_005046,2023-08-25 20:00:00,3,4,0,2,2,1,0,0,0,1,1,1
IMG_005055,2023-07-24 23:00:00,2,0,0,2,2,1,0,0,0,1,1,1
IMG_005093,2023-08-26 00:00:00,3,0,0,2,1,1,0,0,0,1,1,1
IMG_005096,2023-07-25 01:00:00,2,0,0,2,2,1,0,0,0,1,1,1
IMG_005099,2023-07-25 02:00:00,2,4,0,2,2,1,0,0,0,1,1,1
IMG_005104,2023-07-25 03:00:00,2,4,0,0,2,1,0,2,0,0,1,1
IMG_005121,2023-06-08 11:00:00,0,0,0,0,2,1,0,0,0,0,1,1
IMG_005127,2023-07-25 07:00:00,2,0,0,0,2,1,0,0,0,0,1,1
IMG_005133,2023-07-25 08:00:00,2,4,0,2,2,1,0,0,0,1,1,1
IMG_005138,2023-07-25 09:00:00,2,4,0,2,2,1,0,0,0,1,1,1
IMG_005139,2023-08-26 06:00:00,3,4,0,2,2,1,0,0,0,1,1,1
IMG_005146,2023-08-26 08:00:00,3,4,0,2,2,1,0,0,0,1,1,1
IMG_005147,2023-08-26 09:00:00,3,4,0,2,0,1,0,0,0,1,0,1
IMG_005166,2023-08-26 12:00:00,3,0,0,2,1,1,0,0,0,1,1,1
IMG_005183,2023-08-26 19:00:00,3,4,0,2,2,1,0,0,0,1,1,1
IMG_005194,2023-06-08 12:00:00,0,0,0,0,0,1,0,0,0,0,0,1
IMG_005203,2023-07-25 14:00:00,2,0,0,0,2,1,0,0,0,0,1,1
IMG_005208,2023-08-26 21:00:00,3,4,0,0,2,1,0,0,0,0,1,1
IMG_005209,2023-08-26 22:00:00,3,4,0,2,2,1,0,0,0,1,1,1
IMG_005244,2023-06-08 16:00:00,0,0,0,0,2,1,0,0,0,0,1,1
IMG_005246,2023-07-25 19:00:00,2,4,0,2,2,1,0,0,0,1,1,1
IMG_005248,2023-08-27 00:00:00,3,0,0,2,1,1,0,0,0,1,1,1
IMG_005252,2023-07-25 22:00:00,2,0,0,2,2,1,0,0,0,1,1,1
IMG_005256,2023-07-25 23:00:00,2,0,0,2,1,1,0,0,0,1,1,1
IMG_005271,2023-08-27 02:00:00,3,0,0,2,2,1,0,0,0,1,1,1
IMG_005272,2023-07-26 02:00:00,2,0,0,2,1,1,0,0,0,1,1,1
IMG_005274,2023-07-26 03:00:00,2,4,0,2,2,1,0,2,0,1,1,1
IMG_005276,2023-08-27 03:00:00,3,4,0,2,2,1,0,0,0,1,1,1
IMG_005284,2023-07-26 04:00:00,2,0,0,2,1,1,0,0,0,1,1,1
IMG_005307,2023-08-27 06:00:00,3,0,0,2,2,1,0,2,0,1,1,1
IMG_005312,2023-07-05 21:00:00,1,0,0,0,1,1,0,0,0,0,1,1
IMG_005327,2023-07-26 09:00:00,2,0,0,2,1,1,0,0,0,1,1,1
IMG_005330,2023-08-27 09:00:00,3,0,0,2,1,1,0,0,0,1,1,1
IMG_005343,2023-08-27 10:00:00,3,4,0,2,2,1,0,0,0,1,1,1
IMG_005351,2023-07-06 02:00:00,1,0,0,0,2,1,0,0,0,0,1,1
IMG_005352,2023-07-26 14:00:00,2,4,0,2,2,1,0,0,0,1,1,1
IMG_005356,2023-07-26 15:00:00,2,0,0,2,2,1,0,0,0,1,1,1
IMG_005359,2023-07-26 16:00:00,2,0,0,2,1,1,0,0,0,1,1,1
IMG_005372,2023-07-26 19:00:00,2,4,0,2,2,1,0,0,0,1,1,1
IMG_005389,2023-08-27 13:00:00,3,4,0,2,2,1,0,0,0,1,1,1
IMG_005401,2023-07-26 23:00:00,2,0,0,0,2,1,0,0,0,0,1,1
IMG_005410,2023-07-06 07:00:00,1,0,0,0,0,1,0,0,0,0,0,1
IMG_005413,2023-07-27 03:00:00,2,4,0,2,2,1,0,0,0,1,1,1
IMG_005415,2023-07-27 05:00:00,2,0,0,2,1,1,0,0,0,1,1,1
IMG_005429,2023-07-27 06:00:00,2,0,0,0,1,1,0,0,0,0,1,1
IMG_005431,2023-08-27 18:00:00,3,4,0,2,2,1,0,0,0,1,1,1
IMG_005457,2023-08-27 19:00:00,3,4,0,2,2,1,0,0,0,1,1,1
IMG_005460,2023-06-08 18:00:00,0,0,0,0,2,1,0,0,0,0,1,1
IMG_005464,2023-08-27 20:00:00,3,0,0,2,2,1,0,0,0,1,1,1
IMG_005474,2023-07-27 10:00:00,2,0,0,0,1,1,0,0,0,0,1,1
IMG_005477,2023-08-27 22:00:00,3,0,0,2,2,1,0,0,0,1,1,1
IMG_005485,2023-08-28 01:00:00,3,4,0,2,2,1,0,0,0,1,1,1
IMG_005502,2023-07-27 13:00:00,2,0,0,2,1,1,0,0,0,1,1,1
IMG_005517,2023-08-28 06:00:00,3,4,0,2,2,1,0,0,0,1,1,1
IMG_005519,2023-08-28 07:00:00,3,0,0,2,2,1,0,0,0,1,1,1
IMG_005520,2023-07-27 14:00:00,2,0,0,2,1,1,0,0,0,1,1,1
IMG_005529,2023-07-27 15:00:00,2,4,0,2,2,1,0,0,0,1,1,1
IMG_005536,2023-07-27 16:00:00,2,0,0,2,1,1,0,0,0,1,1,1
IMG_005537,2023-07-27 17:00:00,2,0,0,2,2,1,0,0,0,1,1,1
IMG_005558,2023-08-28 12:00:00,3,0,0,2,1,1,0,0,0,1,1,1
IMG_005560,2023-08-28 13:00:00,3,4,0,2,2,1,0,0,0,1,1,1
IMG_005564,2023-07-27 20:00:00,2,0,0,2,2,1,0,2,0,1,1,1
IMG_005567,2023-08-28 14:00:00,3,4,0,2,2,1,0,0,0,1,1,1
IMG_005570,2023-08-28 15:00:00,3,0,0,2,1,1,0,0,0,1,1,1
IMG_005573,2023-07-27 22:00:00,2,4,0,2,2,1,0,0,0,1,1,1
IMG_005574,2023-07-27 23:00:00,2,4,0,2,2,1,0,0,0,1,1,1
IMG_005575,2023-07-07 00:00:00,1,0,0,0,2,1,0,0,0,0,1,1
IMG_005578,2023-07-28 01:00:00,2,4,0,2,2,1,0,0,0,1,1,1
IMG_005582,2023-07-28 02:00:00,2,4,0,2,2,1,0,0,0,1,1,1
IMG_005586,2023-08-28 16:00:00,3,0,0,2,1,1,0,0,0,1,1,1
IMG_005587,2023-06-08 21:00:00,0,0,0,0,1,1,0,0,0,0,1,1
IMG_005588,2023-07-28 04:00:00,2,4,0,2,2,1,0,0,0,1,1,1
IMG_005593,2023-07-07 01:00:00,1,0,0,0,2,1,0,0,0,0,1,1
IMG_005599,2023-08-28 17:00:00,3,4,0,2,2,1,0,0,0,1,1,1
IMG_005612,2023-07-28 06:00:00,2,0,0,2,1,1,0,0,0,1,1,1
IMG_005614,2023-08-28 19:00:00,3,4,0,2,2,1,0,0,0,1,1,1
IMG_005629,2023-08-28 21:00:00,3,4,0,2,2,1,0,0,0,1,1,1
IMG_005639,2023-08-28 22:00:00,3,4,0,2,2,1,0,0,0,1,1,1
IMG_005649,2023-08-29 00:00:00,3,4,0,2,2,1,0,0,0,1,1,1
IMG_005650,2023-08-29 01:00:00,3,4,0,2,2,1,0,0,0,1,1,1
IMG_005657,2023-08-29 02:00:00,3,0,0,2,1,1,0,0,0,1,1,1
IMG_005672,2023-07-28 14:00:00,2,4,0,2,2,1,0,0,0,1,1,1
IMG_005677,2023-08-29 06:00:00,3,0,0,0,2,1,0,0,0,0,1,1
IMG_005681,2023-07-07 06:00:00,1,0,0,0,1,1,0,0,0,0,1,1
IMG_005686,2023-07-28 17:00:00,2,4,0,2,1,1,0,0,0,1,1,1
IMG_005695,2023-07-28 20:00:00,2,0,0,2,2,1,0,0,0,1,1,1
IMG_005701,2023-08-29 08:00:00,3,0,0,2,2,1,0,0,0,1,1,1
IMG_005705,2023-06-09 03:00:00,0,0,0,0,1,1,0,0,0,0,1,1
IMG_005709,2023-07-28 21:00:00,2,4,0,2,2,1,0,0,0,1,1,1
IMG_005715,2023-08-29 10:00:00,3,0,0,0,1,1,0,0,0,0,1,1
IMG_005727,2023-07-28 23:00:00,2,4,0,2,2,1,0,0,0,1,1,1
IMG_005737,2023-07-29 01:00:00,2,0,0,0,2,1,0,0,0,0,1,1
IMG_005756,2023-07-29 06:00:00,2,0,0,2,1,1,0,0,0,1,1,1
IMG_005765,2023-07-29 09:00:00,2,4,0,2,2,1,0,0,0,1,1,1
IMG_005771,2023-07-29 10:00:00,2,4,0,0,2,1,0,0,0,0,1,1
IMG_005774,2023-07-07 11:00:00,1,4,0,0,0,1,0,0,0,0,0,1
IMG_005801,2023-08-29 15:00:00,3,4,0,2,2,1,0,0,0,1,1,1
IMG_005803,2023-08-29 16:00:00,3,0,0,0,2,1,0,0,0,0,1,1
IMG_005804,2023-08-29 17:00:00,3,0,0,0,2,1,0,0,0,0,1,1
IMG_005806,2023-07-29 14:00:00,2,0,0,2,1,1,0,0,0,1,1,1
IMG_005814,2023-07-29 15:00:00,2,4,0,2,2,1,0,0,0,1,1,1
IMG_005820,2023-08-29 19:00:00,3,4,0,2,2,1,0,0,0,1,1,1
IMG_005824,2023-07-29 17:00:00,2,0,0,2,2,1,0,0,0,1,1,1
IMG_005830,2023-08-29 22:00:00,3,0,0,2,2,1,0,2,0,1,1,1
IMG_005834,2023-07-29 19:00:00,2,0,0,2,1,1,0,0,0,1,1,1
IMG_005865,2023-08-30 06:00:00,3,4,0,2,2,1,0,0,0,1,1,1
IMG_005871,2023-08-30 09:00:00,3,4,0,2,2,1,0,2,0,1,1,1
IMG_005888,2023-07-30 00:00:00,2,0,0,2,2,1,0,0,0,1,1,1
IMG_005894,2023-07-30 01:00:00,2,0,0,2,1,1,0,0,0,1,1,1
IMG_005906,2023-08-30 13:00:00,3,0,0,2,2,1,0,0,0,1,1,1
IMG_005918,2023-07-30 07:00:00,2,4,0,2,2,1,0,0,0,1,1,1
IMG_005919,2023-08-30 17:00:00,3,0,0,0,1,1,0,0,0,0,1,1
IMG_005920,2023-07-30 08:00:00,2,4,0,2,2,1,0,0,0,1,1,1
IMG_005921,2023-07-30 09:00:00,2,0,0,2,2,1,0,0,0,1,1,1
IMG_005924,2023-07-30 10:00:00,2,4,0,2,0,1,0,0,0,1,0,1
IMG_005928,2023-08-30 18:00:00,3,4,0,2,2,1,0,0,0,1,1,1
IMG_005934,2023-07-30 12:00:00,2,0,0,2,1,1,0,0,0,1,1,1
IMG_005938,2023-07-30 13:00:00,2,0,0,2,1,1,0,0,0,1,1,1
IMG_005949,2023-07-30 14:00:00,2,0,0,2,1,1,0,0,0,1,0,1
IMG_005951,2023-07-30 16:00:00,2,0,0,2,2,1,0,0,0,1,1,1
IMG_005963,2023-08-30 20:00:00,3,0,0,0,1,1,0,0,0,0,1,1
IMG_005979,2023-08-30 22:00:00,3,4,0,2,2,1,0,0,0,1,1,1
IMG_005991,2023-07-08 02:00:00,1,0,0,0,1,1,0,0,0,0,1,1
IMG_005998,2023-07-30 20:00:00,2,0,0,2,1,1,0,0,0,1,1,1
IMG_006013,2023-08-31 03:00:00,3,0,0,2,1,1,0,0,0,1,1,1
IMG_006018,2023-07-08 05:00:00,1,4,0,0,2,1,0,0,0,0,1,1
IMG_006023,2023-08-31 05:00:00,3,0,0,2,1,1,0,0,0,1,1,1
IMG_006028,2023-08-31 06:00:00,3,4,0,2,2,1,0,2,0,1,1,1
IMG_006030,2023-07-30 23:00:00,2,4,0,2,2,1,0,2,0,1,1,1
IMG_006032,2023-08-31 08:00:00,3,0,0,2,2,1,0,0,0,1,1,1
IMG_006041,2023-07-31 00:00:00,2,4,0,2,2,1,0,0,0,1,1,1
IMG_006042,2023-08-31 10:00:00,3,0,0,2,1,1,0,0,0,1,1,1
IMG_006043,2023-07-31 01:00:00,2,0,0,0,2,1,0,0,0,0,1,1
IMG_006054,2023-08-31 14:00:00,3,0,0,2,1,1,0,0,0,1,1,1
IMG_006069,2023-07-31 07:00:00,2,4,0,2,2,1,0,0,0,1,1,1
IMG_006088,2023-07-31 09:00:00,2,0,0,2,2,1,0,0,0,1,1,1
IMG_006089,2023-08-31 20:00:00,3,4,0,2,2,1,0,0,0,1,1,1
IMG_006091,2023-06-09 09:00:00,0,4,0,0,0,1,0,0,0,0,0,1
IMG_006094,2023-07-31 11:00:00,2,4,0,2,2,1,0,0,0,1,1,1
IMG_006105,2023-07-31 12:00:00,2,4,0,2,2,1,0,0,0,1,1,1
IMG_006113,2023-09-01 00:00:00,3,0,0,2,1,1,0,0,0,1,1,1
IMG_006115,2023-09-01 01:00:00,3,0,0,2,1,1,0,0,0,1,1,1
IMG_006125,2023-07-31 14:00:00,2,0,0,2,1,1,0,0,0,1,1,1
IMG_006126,2023-09-01 03:00:00,3,0,0,2,1,1,0,0,0,1,1,1
IMG_006127,2023-09-01 04:00:00,3,4,0,0,2,1,0,0,0,0,1,1
IMG_006142,2023-09-01 08:00:00,3,4,0,2,0,1,0,0,0,1,0,1
IMG_006147,2023-09-01 09:00:00,3,4,0,2,2,1,0,0,0,1,1,1
IMG_006159,2023-07-31 18:00:00,2,4,0,2,2,1,0,0,0,1,1,1
IMG_006163,2023-07-31 19:00:00,2,0,0,2,1,1,0,0,0,1,1,1
IMG_006170,2023-07-31 20:00:00,2,0,0,2,1,1,0,0,0,1,1,1
IMG_006176,2023-09-01 11:00:00,3,0,0,0,1,1,0,0,0,0,1,1
IMG_006178,2023-07-31 23:00:00,2,0,0,2,1,1,0,0,0,1,1,1
IMG_006189,2023-06-09 12:00:00,0,0,0,0,1,1,0,0,0,0,1,1
IMG_006191,2023-09-01 13:00:00,3,0,0,0,2,1,0,0,0,0,1,1
IMG_006192,2023-09-01 14:00:00,3,4,0,2,2,1,0,0,0,1,1,1
IMG_006199,2023-08-01 04:00:00,2,0,0,2,1,1,0,0,0,1,1,1
IMG_006204,2023-09-01 16:00:00,3,0,0,0,1,1,0,0,0,0,1,1
IMG_006236,2023-09-02 00:00:00,3,0,0,2,2,1,0,0,0,1,1,1
IMG_006250,2023-08-01 12:00:00,2,0,0,2,2,1,0,0,0,1,1,1
IMG_006267,2023-08-01 15:00:00,2,0,0,0,1,1,0,0,0,0,1,1
IMG_006268,2023-09-02 05:00:00,3,4,0,2,2,1,0,2,0,1,1,1
IMG_006276,2023-08-01 16:00:00,2,0,0,2,2,1,0,0,0,1,1,1
IMG_006282,2023-08-01 17:00:00,2,0,0,2,1,1,0,0,0,1,1,1
IMG_006285,2023-08-03 10:00:00,2,0,0,2,2,1,0,0,0,1,1,1
IMG_006286,2023-09-02 08:00:00,3,0,0,2,2,1,0,0,0,1,1,1
IMG_006301,2023-09-02 13:00:00,3,0,0,2,1,1,0,0,0,1,1,1
IMG_006307,2023-09-02 15:00:00,3,4,0,2,2,1,0,0,0,1,1,1
IMG_006314,2023-08-03 11:00:00,2,0,0,2,2,1,0,0,0,1,1,1
IMG_006315,2023-06-09 19:00:00,0,4,0,0,2,1,0,0,0,0,1,1
IMG_006316,2023-09-02 17:00:00,3,4,0,2,2,1,0,0,0,1,1,1
IMG_006336,2023-08-03 12:00:00,2,0,0,2,2,1,0,0,0,1,1,1
IMG_006339,2023-09-02 22:00:00,3,0,0,2,1,1,0,0,0,1,1,1
IMG_006354,2023-09-03 00:00:00,3,4,0,2,2,1,0,0,0,1,1,1
IMG_006359,2023-09-03 02:00:00,3,4,0,0,2,1,0,0,0,0,1,1
IMG_006365,2023-08-03 18:00:00,2,0,0,2,0,1,0,0,0,1,0,1
IMG_006377,2023-08-03 19:00:00,2,0,0,2,1,1,0,0,0,1,1,1
IMG_006379,2023-08-03 20:00:00,2,0,0,2,2,1,0,0,0,1,1,1
IMG_006380,2023-09-03 04:00:00,3,0,0,2,2,1,0,0,0,1,1,1
IMG_006382,2023-09-03 05:00:00,3,0,0,2,2,1,0,0,0,1,1,1
IMG_006387,2023-09-03 06:00:00,3,4,0,2,2,1,0,0,0,1,1,1
IMG_006390,2023-06-09 21:00:00,0,4,0,0,2,1,0,0,0,0,1,1
IMG_006400,2023-09-03 09:00:00,3,0,0,2,1,1,0,0,0,1,1,1
IMG_006404,2023-09-03 10:00:00,3,4,0,2,2,1,0,0,0,1,1,1
IMG_006407,2023-08-04 00:00:00,2,0,0,2,1,1,0,0,0,1,1,1
IMG_006417,2023-09-03 12:00:00,3,0,0,2,2,1,0,0,0,1,1,1
IMG_006424,2023-09-03 13:00:00,3,0,0,2,2,1,0,0,0,1,1,1
IMG_006425,2023-08-04 05:00:00,2,4,0,2,0,1,0,0,0,1,0,1
IMG_006430,2023-09-03 14:00:00,3,4,0,0,2,1,0,0,0,0,1,1
IMG_006442,2023-09-03 16:00:00,3,0,0,2,1,1,0,0,0,1,1,1
IMG_006444,2023-08-04 08:00:00,2,0,0,2,1,1,0,0,0,1,1,1
IMG_006448,2023-08-04 10:00:00,2,0,0,2,2,1,0,0,0,1,1,1
IMG_006449,2023-08-04 11:00:00,2,4,0,2,2,1,0,0,0,1,1,1
IMG_006464,2023-08-04 14:00:00,2,0,0,2,1,1,0,0,0,1,1,1
IMG_006473,2023-08-04 16:00:00,2,4,0,2,2,1,0,0,0,1,1,1
IMG_006480,2023-09-03 19:00:00,3,0,0,2,1,1,0,0,0,1,1,1
IMG_006481,2023-08-04 19:00:00,2,0,0,2,2,1,0,0,0,1,1,1
IMG_006483,2023-08-04 20:00:00,2,0,0,2,1,1,0,0,0,1,1,1
IMG_006495,2023-06-10 00:00:00,0,4,0,0,2,1,0,0,0,0,1,1
IMG_006520,2023-08-05 01:00:00,2,0,0,2,2,1,0,0,0,1,1,1
IMG_006524,2023-09-03 22:00:00,3,4,0,2,2,1,0,0,0,1,1,1
IMG_006540,2023-08-05 04:00:00,2,0,0,2,2,1,0,0,0,1,1,1
IMG_006549,2023-08-05 05:00:00,2,0,0,2,2,1,0,0,0,1,1,1
IMG_006559,2023-08-05 07:00:00,2,4,0,2,2,1,0,2,0,1,1,1
IMG_006563,2023-09-04 05:00:00,3,4,0,2,2,1,0,0,0,1,1,1
IMG_006577,2023-09-04 08:00:00,3,0,0,2,2,1,0,0,0,1,1,1
IMG_006579,2023-09-04 09:00:00,3,4,0,2,2,1,0,0,0,1,1,1
IMG_006589,2023-09-04 12:00:00,3,4,0,2,2,1,0,0,0,1,1,1
IMG_006591,2023-08-05 13:00:00,2,0,0,2,1,1,0,0,0,1,1,1
IMG_006602,2023-08-05 15:00:00,2,0,0,2,2,1,0,0,0,1,1,1
IMG_006606,2023-09-04 16:00:00,3,4,0,2,2,1,0,0,0,1,1,1
IMG_006615,2023-08-05 17:00:00,2,4,0,2,2,1,0,0,0,1,1,1
IMG_006623,2023-08-05 19:00:00,2,4,0,2,2,1,0,0,0,1,1,1
IMG_006626,2023-08-05 20:00:00,2,0,0,2,1,1,0,0,0,1,1,1
IMG_006629,2023-09-04 19:00:00,3,0,0,2,2,1,0,0,0,1,1,1
IMG_006632,2023-09-04 20:00:00,3,0,0,2,2,1,0,0,0,1,1,1
IMG_006644,2023-09-04 22:00:00,3,4,0,2,2,1,0,2,0,1,1,1
IMG_006647,2023-08-05 23:00:00,2,0,0,0,1,1,0,0,0,0,1,1
IMG_006653,2023-09-05 01:00:00,3,0,0,0,1,1,0,0,0,0,1,1
IMG_006671,2023-06-10 05:00:00,0,0,0,0,2,1,0,0,0,0,1,1
IMG_006673,2023-08-06 03:00:00,2,4,0,0,2,1,0,0,0,0,1,1
IMG_006683,2023-09-05 04:00:00,3,4,0,0,2,1,0,0,0,0,1,1
IMG_006689,2023-09-05 05:00:00,3,0,0,2,1,1,0,0,0,1,1,1
IMG_006701,2023-08-06 07:00:00,2,4,0,2,2,1,0,0,0,1,1,1
IMG_006706,2023-09-05 10:00:00,3,0,0,2,1,1,0,0,0,1,1,1
IMG_006714,2023-09-05 11:00:00,3,0,0,0,1,1,0,0,0,0,1,1
IMG_006716,2023-07-09 18:00:00,1,0,0,0,1,1,0,0,0,0,1,1
IMG_006719,2023-09-05 12:00:00,3,4,0,2,2,1,0,0,0,1,1,1
IMG_006726,2023-07-09 19:00:00,1,0,0,0,1,1,0,0,0,0,1,1
IMG_006730,2023-08-06 12:00:00,2,4,0,2,2,1,0,0,0,1,1,1
IMG_006737,2023-06-10 08:00:00,0,0,0,0,1,1,0,0,0,0,1,1
IMG_006748,2023-08-06 13:00:00,2,4,0,2,2,1,0,0,0,1,1,1
IMG_006761,2023-09-05 19:00:00,3,4,0,2,2,1,0,0,0,1,1,1
IMG_006766,2023-08-06 16:00:00,2,4,0,2,2,1,0,0,0,1,1,1
IMG_006775,2023-09-05 22:00:00,3,0,0,2,1,1,0,0,0,1,1,1
IMG_006784,2023-08-06 19:00:00,2,4,0,0,2,1,0,0,0,0,1,1
IMG_006789,2023-06-10 09:00:00,0,4,0,0,0,1,0,0,0,0,1,1
IMG_006791,2023-08-06 22:00:00,2,4,0,2,2,1,0,0,0,1,1,1
IMG_006803,2023-08-07 02:00:00,2,4,0,2,2,1,0,0,0,1,1,1
IMG_006819,2023-09-06 01:00:00,3,4,0,2,2,1,0,0,0,1,1,1
IMG_006821,2023-09-06 02:00:00,3,4,0,2,2,1,0,0,0,1,1,1
IMG_006824,2023-07-10 01:00:00,1,0,0,0,2,1,0,0,0,0,1,1
IMG_006844,2023-08-07 09:00:00,2,4,0,0,2,1,0,0,0,0,1,1
IMG_006846,2023-08-07 10:00:00,2,4,0,2,2,1,0,0,0,1,1,1
IMG_006852,2023-06-10 10:00:00,0,4,0,0,2,1,0,0,0,0,1,1
IMG_006884,2023-08-07 13:00:00,2,0,0,2,2,1,0,0,0,1,1,1
IMG_006895,2023-08-07 17:00:00,2,0,0,0,1,1,0,0,0,0,1,1
IMG_006914,2023-09-06 13:00:00,3,0,0,2,1,1,0,0,0,1,1,1
IMG_006921,2023-09-06 15:00:00,3,0,0,2,1,1,0,0,0,1,1,1
IMG_006930,2023-07-10 09:00:00,1,0,0,0,1,1,0,0,0,0,1,1
IMG_006932,2023-07-10 10:00:00,1,4,0,0,0,1,0,0,0,0,0,1
IMG_006942,2023-08-07 21:00:00,2,0,0,2,2,1,0,0,0,1,1,1
IMG_006947,2023-08-07 22:00:00,2,4,0,2,2,1,0,0,0,1,1,1
IMG_006961,2023-06-10 15:00:00,0,4,0,0,2,1,0,0,0,0,1,1
IMG_006965,2023-08-08 03:00:00,2,4,0,2,2,1,0,0,0,1,1,1
IMG_006973,2023-09-06 23:00:00,3,0,0,2,1,1,0,0,0,1,1,1
IMG_006974,2023-07-10 14:00:00,1,0,0,0,1,1,0,0,0,0,1,1
IMG_006980,2023-09-07 00:00:00,3,4,0,2,2,1,0,0,0,1,1,1
IMG_006985,2023-09-07 01:00:00,3,0,0,0,0,1,0,0,0,0,0,1
IMG_006994,2023-06-10 17:00:00,0,0,0,0,1,1,0,0,0,0,1,1
IMG_006995,2023-07-10 17:00:00,1,0,0,0,1,1,0,0,0,0,1,1
IMG_006997,2023-08-08 08:00:00,2,0,0,2,2,1,0,0,0,1,1,1
IMG_007025,2023-09-07 06:00:00,3,0,0,0,2,1,0,0,0,0,1,1
IMG_007030,2023-09-07 08:00:00,3,4,0,2,2,1,0,0,0,1,1,1
IMG_007039,2023-08-08 15:00:00,2,4,0,2,2,1,0,0,0,1,1,1
IMG_007049,2023-06-10 18:00:00,0,0,0,0,1,1,0,0,0,0,1,1
IMG_007051,2023-08-08 16:00:00,2,0,0,2,1,1,0,0,0,1,1,1
IMG_007072,2023-07-10 22:00:00,1,0,0,0,1,1,0,0,0,0,1,1
IMG_007073,2023-09-07 12:00:00,3,4,0,2,2,1,0,0,0,1,1,1
IMG_007086,2023-09-07 13:00:00,3,0,0,2,1,1,0,0,0,1,1,1
IMG_007101,2023-09-07 15:00:00,3,0,0,2,1,1,0,0,0,1,1,1
IMG_007103,2023-09-07 16:00:00,3,4,0,2,2,1,0,0,0,1,1,1
IMG_007119,2023-08-09 02:00:00,2,4,0,2,2,1,0,0,0,1,1,1
IMG_007122,2023-08-09 03:00:00,2,4,0,0,2,1,0,0,0,0,1,1
IMG_007123,2023-09-07 20:00:00,3,0,0,2,1,1,0,0,0,1,1,1
IMG_007130,2023-08-09 04:00:00,2,4,0,2,2,1,0,0,0,1,1,1
IMG_007133,2023-09-07 22:00:00,3,4,0,2,1,1,0,2,0,1,1,1
IMG_007157,2023-08-09 07:00:00,2,4,0,2,2,1,0,0,0,1,1,1
IMG_007176,2023-08-09 10:00:00,2,0,0,2,2,1,0,0,0,1,1,1
IMG_007180,2023-06-10 20:00:00,0,0,0,0,2,1,0,0,0,0,1,1
IMG_007191,2023-09-08 07:00:00,3,4,0,2,2,1,0,2,0,1,1,1
IMG_007192,2023-09-08 08:00:00,3,0,0,2,1,1,0,0,0,1,1,1
IMG_007194,2023-09-08 10:00:00,3,4,0,2,0,1,0,0,0,1,1,1
IMG_007202,2023-08-09 13:00:00,2,0,0,2,2,1,0,0,0,1,1,1
IMG_007203,2023-09-08 12:00:00,3,4,0,2,2,1,0,0,0,1,1,1
IMG_007213,2023-06-10 21:00:00,0,0,0,0,0,1,0,0,0,0,0,1
IMG_007222,2023-08-09 16:00:00,2,4,0,2,2,1,0,0,0,1,1,1
IMG_007231,2023-09-08 14:00:00,3,4,0,2,2,1,0,0,0,1,1,1
IMG_007237,2023-09-08 15:00:00,3,0,0,2,1,1,0,0,0,1,1,1
IMG_007255,2023-07-11 09:00:00,1,4,0,0,2,1,0,0,0,0,1,1
IMG_007260,2023-09-08 19:00:00,3,0,0,2,1,1,0,0,0,1,1,1
IMG_007266,2023-09-08 21:00:00,3,4,0,2,0,1,0,0,0,1,0,1
IMG_007274,2023-09-09 01:00:00,3,0,0,0,2,1,0,0,0,0,1,1
IMG_007276,2023-09-09 02:00:00,3,0,0,0,0,1,0,0,0,0,0,1
IMG_007277,2023-09-09 03:00:00,3,0,0,2,1,1,0,0,0,1,1,1
IMG_007283,2023-07-11 12:00:00,1,4,0,0,0,1,0,0,0,0,0,1
IMG_007285,2023-09-09 06:00:00,3,0,0,2,2,1,0,0,0,1,1,1
IMG_007292,2023-08-10 01:00:00,2,0,0,2,2,1,0,0,0,1,1,1
IMG_007295,2023-08-10 02:00:00,2,4,0,2,2,1,0,2,0,1,1,1
IMG_007304,2023-08-10 04:00:00,2,4,0,0,0,1,0,0,0,0,0,1
IMG_007312,2023-09-09 10:00:00,3,4,0,2,2,1,0,0,0,1,1,1
IMG_007317,2023-08-10 06:00:00,2,0,0,2,1,1,0,0,0,1,1,1
IMG_007327,2023-08-10 07:00:00,2,4,0,0,2,1,0,0,0,0,1,1
IMG_007328,2023-08-10 08:00:00,2,0,0,2,1,1,0,0,0,1,1,1
IMG_007333,2023-09-09 13:00:00,3,4,0,2,2,1,0,0,0,1,1,1
IMG_007338,2023-08-10 10:00:00,2,4,0,2,2,1,0,0,0,1,1,1
IMG_007346,2023-09-09 16:00:00,3,0,0,0,1,1,0,0,0,0,1,1
IMG_007350,2023-08-10 12:00:00,2,0,0,0,1,1,0,0,0,0,1,1
IMG_007355,2023-09-09 18:00:00,3,4,0,2,2,1,0,0,0,1,1,1
IMG_007361,2023-09-09 21:00:00,3,4,0,2,2,1,0,0,0,1,1,1
IMG_007380,2023-09-10 00:00:00,3,4,0,2,2,1,0,0,0,1,1,1
IMG_007388,2023-08-10 16:00:00,2,0,0,2,0,1,0,0,0,1,0,1
IMG_007391,2023-07-11 20:00:00,1,0,0,0,1,1,0,0,0,0,1,1
IMG_007393,2023-08-10 17:00:00,2,0,0,2,1,1,0,0,0,1,1,1
IMG_007394,2023-08-10 18:00:00,2,0,0,2,1,1,0,0,0,1,1,1
IMG_007398,2023-08-10 19:00:00,2,4,0,2,2,1,0,2,0,1,1,1
IMG_007402,2023-09-10 04:00:00,3,0,0,2,2,1,0,0,0,1,1,1
IMG_007404,2023-09-10 05:00:00,3,0,0,2,1,1,0,0,0,1,1,1
IMG_007410,2023-08-10 21:00:00,2,0,0,2,2,1,0,0,0,1,1,1
IMG_007436,2023-08-11 01:00:00,2,0,0,2,1,1,0,0,0,1,1,1
IMG_007455,2023-08-11 05:00:00,2,4,0,2,2,1,0,2,0,1,1,1
IMG_007460,2023-09-10 14:00:00,3,0,0,2,2,1,0,0,0,1,1,1
IMG_007469,2023-08-11 06:00:00,2,4,0,2,2,1,0,0,0,1,1,1
IMG_007487,2023-08-11 09:00:00,2,0,0,2,0,1,0,0,0,1,0,1
IMG_007488,2023-09-10 18:00:00,3,4,0,2,2,1,0,0,0,1,1,1
IMG_007492,2023-08-11 11:00:00,2,0,0,2,2,1,0,0,0,1,1,1
IMG_007496,2023-08-11 13:00:00,2,0,0,0,1,1,0,0,0,0,1,1
IMG_007510,2023-09-10 22:00:00,3,0,0,2,1,1,0,0,0,1,1,1
IMG_007511,2023-06-11 04:00:00,0,4,0,0,0,1,0,0,0,0,0,1
IMG_007514,2023-07-12 07:00:00,1,0,0,0,1,1,0,0,0,0,1,1
IMG_007521,2023-08-11 15:00:00,2,0,0,2,2,1,0,0,0,1,1,1
IMG_007522,2023-09-11 01:00:00,3,4,0,2,2,1,0,0,0,1,1,1
IMG_007529,2023-08-11 16:00:00,2,0,0,2,1,1,0,0,0,1,1,1
IMG_007531,2023-07-12 10:00:00,1,0,0,0,1,1,0,0,0,0,1,1
IMG_007536,2023-09-11 02:00:00,3,4,0,2,2,1,0,0,0,1,1,1
IMG_007545,2023-09-11 05:00:00,3,4,0,0,0,1,0,0,0,0,0,1
IMG_007552,2023-08-11 17:00:00,2,0,0,2,2,1,0,2,0,1,1,1
IMG_007555,2023-09-11 07:00:00,3,0,0,2,2,1,0,0,0,1,1,1
IMG_007577,2023-09-11 09:00:00,3,4,0,2,2,1,0,0,0,1,1,1
IMG_007589,2023-09-11 11:00:00,3,0,0,2,2,1,0,0,0,1,1,1
IMG_007601,2023-08-11 23:00:00,2,0,0,2,1,1,0,0,0,1,1,1
IMG_007604,2023-08-12 00:00:00,2,0,0,2,2,1,0,2,0,1,1,1
IMG_007606,2023-08-12 01:00:00,2,0,0,2,1,1,0,0,0,1,1,1
IMG_007607,2023-08-12 02:00:00,2,4,0,2,2,1,0,0,0,1,1,1
IMG_007617,2023-09-11 15:00:00,3,0,0,2,1,1,0,0,0,1,1,1
IMG_007623,2023-08-12 05:00:00,2,4,0,2,2,1,0,0,0,1,1,1
IMG_007625,2023-09-11 19:00:00,3,0,0,2,1,1,0,0,0,1,1,1
IMG_007630,2023-08-12 08:00:00,2,4,0,2,2,1,0,0,0,1,1,1
IMG_007631,2023-09-11 22:00:00,3,4,0,2,2,1,0,0,0,1,1,1
IMG_007641,2023-08-12 10:00:00,2,4,0,0,2,1,0,0,0,0,1,1
IMG_007659,2023-06-11 07:00:00,0,4,0,0,2,1,0,0,0,0,1,1
IMG_007663,2023-09-12 01:00:00,3,4,0,2,2,1,0,0,0,1,1,1
IMG_007665,2023-09-12 02:00:00,3,0,0,2,2,1,0,0,0,1,1,1
IMG_007669,2023-09-12 03:00:00,3,4,0,2,2,1,0,0,0,1,1,1
IMG_007688,2023-09-12 06:00:00,3,4,0,2,2,1,0,0,0,1,1,1
IMG_007689,2023-08-12 13:00:00,2,0,0,2,2,1,0,0,0,1,1,1
IMG_007690,2023-08-12 14:00:00,2,0,0,2,1,1,0,0,0,1,1,1
IMG_007697,2023-08-12 16:00:00,2,0,0,2,2,1,0,0,0,1,1,1
IMG_007700,2023-09-12 09:00:00,3,0,0,0,1,1,0,0,0,0,1,1
IMG_007712,2023-08-12 19:00:00,2,4,0,2,0,1,0,0,0,1,1,1
IMG_007719,2023-09-12 12:00:00,3,0,0,2,2,1,0,0,0,1,1,1
IMG_007725,2023-07-12 22:00:00,1,0,0,0,2,1,0,0,0,0,1,1
IMG_007727,2023-07-12 23:00:00,1,4,0,0,0,1,0,0,0,0,0,1
IMG_007730,2023-09-12 14:00:00,3,0,0,2,1,1,0,0,0,1,1,1
IMG_007744,2023-08-13 01:00:00,2,0,0,2,1,1,0,0,0,1,1,1
IMG_007747,2023-06-11 10:00:00,0,4,0,0,2,1,0,0,0,0,1,1
IMG_007751,2023-09-12 18:00:00,3,4,0,2,2,1,0,0,0,1,1,1
IMG_007755,2023-08-13 04:00:00,2,0,0,2,2,1,0,2,0,1,1,1
IMG_007763,2023-08-13 06:00:00,2,0,0,2,1,1,0,0,0,1,1,1
IMG_007790,2023-08-13 11:00:00,2,4,0,2,2,1,0,0,0,1,1,1
IMG_007805,2023-08-13 13:00:00,2,0,0,0,1,1,0,0,0,0,1,1
IMG_007816,2023-09-12 22:00:00,3,0,0,2,2,1,0,2,0,1,1,1
IMG_007818,2023-08-13 16:00:00,2,4,0,2,0,1,0,0,0,1,0,1
IMG_007820,2023-09-13 00:00:00,3,0,0,2,2,1,0,0,0,1,1,1
IMG_007823,2023-08-13 17:00:00,2,4,0,2,2,1,0,0,0,1,1,1
IMG_007828,2023-08-13 19:00:00,2,0,0,2,1,1,0,0,0,1,1,1
IMG_007834,2023-09-13 02:00:00,3,0,0,2,2,1,0,0,0,1,1,1
IMG_007843,2023-08-13 21:00:00,2,4,0,2,0,1,0,0,0,1,0,1
IMG_007848,2023-08-13 22:00:00,2,4,0,2,2,1,0,0,0,1,1,1
IMG_007872,2023-09-13 08:00:00,3,4,0,2,2,1,0,0,0,1,1,1
IMG_007873,2023-09-13 09:00:00,3,4,0,0,0,1,0,0,0,0,0,1
IMG_007874,2023-08-14 00:00:00,2,0,0,2,2,1,0,0,0,1,1,1
IMG_007895,2023-08-14 01:00:00,2,0,0,2,1,1,0,0,0,1,1,1
IMG_007913,2023-09-13 11:00:00,3,4,0,2,2,1,0,0,0,1,1,1
IMG_007921,2023-09-13 13:00:00,3,4,0,2,2,1,0,0,0,1,1,1
IMG_007922,2023-08-14 06:00:00,2,4,0,2,2,1,0,0,0,1,1,1
IMG_007923,2023-08-14 07:00:00,2,0,0,2,2,1,0,0,0,1,1,1
IMG_007930,2023-08-14 09:00:00,2,0,0,0,1,1,0,0,0,0,1,1
IMG_007939,2023-08-14 13:00:00,2,4,0,0,2,1,0,0,0,0,1,1
IMG_007949,2023-09-13 18:00:00,3,4,0,2,2,1,0,0,0,1,1,1
IMG_007953,2023-08-14 17:00:00,2,0,0,2,1,1,0,0,0,1,1,1
IMG_007957,2023-08-14 18:00:00,2,4,0,0,2,1,0,0,0,0,1,1
IMG_007975,2023-09-13 22:00:00,3,0,0,2,2,1,0,2,0,1,1,1
IMG_007981,2023-08-14 21:00:00,2,4,0,2,2,1,0,0,0,1,1,1
IMG_007993,2023-08-15 00:00:00,2,0,0,2,2,1,0,0,0,1,1,1
IMG_007995,2023-08-15 01:00:00,2,0,0,0,1,1,0,0,0,0,1,1
IMG_007996,2023-08-15 02:00:00,2,4,0,2,2,1,0,0,0,1,1,1
IMG_007999,2023-09-14 02:00:00,3,4,0,2,2,1,0,0,0,1,1,1
IMG_008012,2023-09-14 03:00:00,3,4,0,2,2,1,0,0,0,1,1,1
IMG_008019,2023-06-11 19:00:00,0,5,0,0,2,1,0,0,0,0,1,1
IMG_008021,2023-07-13 09:00:00,1,0,0,0,1,1,0,0,0,0,1,1
IMG_008023,2023-09-14 07:00:00,3,0,0,0,0,1,0,0,0,0,0,1
IMG_008027,2023-09-14 10:00:00,3,0,0,2,1,1,0,0,0,1,1,1
IMG_008028,2023-09-14 11:00:00,3,4,0,2,2,1,0,2,0,1,1,1
IMG_008043,2023-08-15 09:00:00,2,0,0,2,2,1,0,0,0,1,1,1
IMG_008064,2023-09-14 16:00:00,3,0,0,2,2,1,0,0,0,1,1,1
IMG_008069,2023-08-15 12:00:00,2,4,0,2,2,1,0,0,0,1,1,1
IMG_008070,2023-08-15 13:00:00,2,0,0,2,1,1,0,0,0,1,1,1
IMG_008072,2023-09-14 17:00:00,3,0,0,2,2,1,0,0,0,1,1,1
IMG_008074,2023-08-15 14:00:00,2,0,0,2,1,1,0,0,0,1,1,1
IMG_008076,2023-08-15 15:00:00,2,4,0,2,2,1,0,0,0,1,1,1
IMG_008080,2023-09-14 19:00:00,3,0,0,2,1,1,0,0,0,1,1,1
IMG_008083,2023-08-15 17:00:00,2,0,0,2,2,1,0,0,0,1,1,1
IMG_008094,2023-08-15 19:00:00,2,0,0,2,1,1,0,0,0,1,1,1
IMG_008098,2023-08-15 20:00:00,2,4,0,2,2,1,0,0,0,1,1,1
IMG_008109,2023-09-14 21:00:00,3,4,0,2,2,1,0,2,0,1,1,1
IMG_008115,2023-09-14 22:00:00,3,4,0,2,2,1,0,0,0,1,1,1
IMG_008119,2023-08-16 02:00:00,2,0,0,2,1,1,0,0,0,1,1,1
IMG_008123,2023-08-16 03:00:00,2,4,0,2,2,1,0,0,0,1,1,1
IMG_008128,2023-09-15 00:00:00,3,0,0,2,2,1,0,0,0,1,1,1
IMG_008129,2023-09-15 01:00:00,3,0,0,2,1,1,0,0,0,1,1,1
IMG_008133,2023-09-15 02:00:00,3,0,0,2,1,1,0,0,0,1,1,1
IMG_008138,2023-08-16 07:00:00,2,0,0,2,2,1,0,0,0,1,1,1
IMG_008142,2023-09-15 03:00:00,3,0,0,0,2,1,0,0,0,0,1,1
IMG_008155,2023-07-13 15:00:00,1,0,0,0,1,1,0,0,0,0,1,1
IMG_008173,2023-08-16 11:00:00,2,0,0,0,1,1,0,0,0,0,1,1
IMG_008182,2023-09-15 11:00:00,3,0,0,2,0,1,0,0,0,1,0,1
IMG_008188,2023-08-16 13:00:00,2,4,0,0,2,1,0,0,0,0,1,1
IMG_008189,2023-09-15 12:00:00,3,4,0,2,2,1,0,0,0,1,1,1
IMG_008190,2023-06-11 22:00:00,0,0,0,0,2,1,0,0,0,0,1,1
IMG_008232,2023-09-15 15:00:00,3,4,0,2,2,1,0,0,0,1,1,1
IMG_008239,2023-09-15 16:00:00,3,0,0,0,1,1,0,0,0,0,1,1
IMG_008249,2023-09-15 18:00:00,3,0,0,2,2,1,0,0,0,1,1,1
IMG_008250,2023-08-16 21:00:00,2,4,0,2,2,1,0,0,0,1,1,1
IMG_008257,2023-09-15 20:00:00,3,0,0,0,2,1,0,0,0,0,1,1
IMG_008264,2023-06-12 02:00:00,0,0,0,0,1,1,0,0,0,0,1,1
IMG_008265,2023-09-15 22:00:00,3,4,0,0,2,1,0,0,0,0,1,1
IMG_008270,2023-09-15 23:00:00,3,4,0,2,2,1,0,0,0,1,1,1
IMG_008284,2023-09-16 03:00:00,3,0,0,2,1,1,0,0,0,1,1,1
IMG_008292,2023-08-17 02:00:00,2,4,0,2,2,1,0,0,0,1,1,1
IMG_008294,2023-09-16 05:00:00,3,0,0,2,2,1,0,0,0,1,1,1
IMG_008297,2023-08-17 04:00:00,2,0,0,2,1,1,0,0,0,1,1,1
IMG_008308,2023-09-16 07:00:00,3,0,0,0,2,1,0,0,0,0,1,1
IMG_008310,2023-07-13 18:00:00,1,0,0,0,1,1,0,0,0,0,1,1
IMG_008329,2023-09-16 09:00:00,3,0,0,2,2,1,0,0,0,1,1,1
IMG_008332,2023-08-17 11:00:00,2,0,0,2,2,1,0,0,0,1,1,1
IMG_008338,2023-09-16 10:00:00,3,4,0,2,2,1,0,0,0,1,1,1
IMG_008358,2023-08-17 13:00:00,2,4,0,2,0,1,0,0,0,1,0,1
IMG_008360,2023-08-17 14:00:00,2,0,0,2,1,1,0,0,0,1,1,1
IMG_008365,2023-09-16 13:00:00,3,0,0,2,2,1,0,0,0,1,1,1
IMG_008368,2023-09-16 14:00:00,3,4,0,0,2,1,0,0,0,0,1,1
IMG_008381,2023-08-17 16:00:00,2,0,0,2,1,1,0,0,0,1,1,1
IMG_008383,2023-08-17 17:00:00,2,4,0,2,2,1,0,0,0,1,1,1
IMG_008389,2023-08-17 18:00:00,2,4,0,2,2,1,0,0,0,1,1,1
IMG_008407,2023-07-13 23:00:00,1,4,0,0,0,1,0,0,0,0,0,1
IMG_008421,2023-09-16 19:00:00,3,4,0,2,2,1,0,0,0,1,1,1
IMG_008423,2023-08-17 21:00:00,2,0,0,2,2,1,0,0,0,1,1,1
IMG_008434,2023-09-16 21:00:00,3,0,0,2,2,1,0,0,0,1,1,1
IMG_008435,2023-08-18 00:00:00,2,0,0,2,1,1,0,0,0,1,1,1
IMG_008436,2023-09-16 22:00:00,3,4,0,0,2,1,0,0,0,0,1,1
IMG_008440,2023-08-18 01:00:00,2,4,0,2,2,1,0,0,0,1,1,1
IMG_008444,2023-08-18 03:00:00,2,4,0,2,2,1,0,0,0,1,1,1
IMG_008447,2023-06-12 08:00:00,0,0,0,0,1,1,0,0,0,0,1,1
IMG_008448,2023-09-16 23:00:00,3,4,0,2,2,1,0,2,0,1,1,1
IMG_008459,2023-08-18 06:00:00,2,4,0,2,2,1,0,0,0,1,1,1
IMG_008467,2023-09-17 03:00:00,3,0,0,2,0,1,0,0,0,1,0,1
IMG_008469,2023-09-17 04:00:00,3,0,0,2,1,1,0,0,0,1,1,1
IMG_008472,2023-08-18 07:00:00,2,0,0,2,2,1,0,0,0,1,1,1
IMG_008475,2023-08-18 09:00:00,2,4,0,0,2,1,0,0,0,0,1,1
IMG_008478,2023-09-17 05:00:00,3,4,0,2,2,1,0,0,0,1,1,1
IMG_008483,2023-08-18 12:00:00,2,4,0,2,2,1,0,0,0,1,1,1
IMG_008493,2023-09-17 09:00:00,3,0,0,2,2,1,0,0,0,1,1,1
IMG_008498,2023-09-17 10:00:00,3,4,0,2,2,1,0,0,0,1,1,1
IMG_008506,2023-09-17 12:00:00,3,4,0,2,2,1,0,0,0,1,1,1
IMG_008516,2023-08-18 15:00:00,2,0,0,2,1,1,0,0,0,1,1,1
IMG_008519,2023-09-17 15:00:00,3,0,0,2,2,1,0,0,0,1,1,1
IMG_008525,2023-09-17 18:00:00,3,4,0,2,2,1,0,0,0,1,1,1
IMG_008532,2023-09-17 19:00:00,3,4,0,2,2,1,0,0,0,1,1,1
IMG_008539,2023-08-18 18:00:00,2,0,0,2,1,1,0,0,0,1,1,1
IMG_008543,2023-07-14 06:00:00,1,4,0,0,2,1,0,0,0,0,1,1
IMG_008544,2023-08-18 20:00:00,2,4,0,2,2,1,0,0,0,1,1,1
IMG_008547,2023-08-18 21:00:00,2,0,0,2,1,1,0,0,0,1,1,1
IMG_008565,2023-09-18 00:00:00,3,0,0,2,2,1,0,0,0,1,1,1
IMG_008567,2023-08-18 23:00:00,2,0,0,2,0,1,0,0,0,1,0,1
IMG_008572,2023-09-18 02:00:00,3,0,0,2,1,1,0,0,0,1,1,1
IMG_008583,2023-08-19 03:00:00,2,0,0,2,2,1,0,2,0,1,1,1
IMG_008598,2023-08-19 05:00:00,2,0,0,2,2,1,0,2,0,1,1,1
IMG_008607,2023-09-18 05:00:00,3,0,0,2,2,1,0,0,0,1,1,1
IMG_008612,2023-09-18 08:00:00,3,4,0,0,2,1,0,0,0,0,1,1
IMG_008614,2023-08-19 06:00:00,2,4,0,2,2,1,0,0,0,1,1,1
IMG_008622,2023-08-19 08:00:00,2,4,0,2,2,1,0,0,0,1,1,1
IMG_008627,2023-08-19 09:00:00,2,0,0,2,1,1,0,0,0,1,1,1
IMG_008628,2023-09-18 10:00:00,3,4,0,2,2,1,0,0,0,1,1,1
IMG_008634,2023-08-19 10:00:00,2,0,0,2,2,1,0,0,0,1,1,1
IMG_008638,2023-08-19 11:00:00,2,0,0,2,1,1,0,0,0,1,1,1
IMG_008640,2023-07-14 12:00:00,1,0,0,0,1,1,0,0,0,0,1,1
IMG_008644,2023-09-18 12:00:00,3,4,0,2,2,1,0,0,0,1,1,1
IMG_008657,2023-08-19 14:00:00,2,0,0,2,1,1,0,0,0,1,1,1
IMG_008661,2023-09-18 14:00:00,3,0,0,2,2,1,0,0,0,1,1,1
IMG_008664,2023-06-12 12:00:00,0,0,0,0,1,1,0,0,0,0,1,1
IMG_008667,2023-07-14 13:00:00,1,4,0,0,0,1,0,0,0,0,0,1
IMG_008685,2023-08-19 16:00:00,2,0,0,2,2,1,0,0,0,1,1,1
IMG_008702,2023-08-19 18:00:00,2,4,0,2,0,1,0,0,0,1,1,1
IMG_008711,2023-08-19 19:00:00,2,4,0,2,2,1,0,0,0,1,1,1
IMG_008712,2023-08-21 08:00:00,3,4,0,2,0,1,0,0,0,1,0,1
IMG_008713,2023-08-19 20:00:00,2,0,0,2,2,1,0,0,0,1,1,1
IMG_008715,2023-08-19 22:00:00,2,4,0,0,2,1,0,0,0,0,1,1
IMG_008721,2023-08-21 09:00:00,3,4,0,2,2,1,0,0,0,1,1,1
IMG_008724,2023-08-21 10:00:00,3,4,0,2,2,1,0,0,0,1,1,1
IMG_008733,2023-08-20 00:00:00,2,4,0,2,2,1,0,0,0,1,1,1
IMG_008754,2023-08-21 13:00:00,3,0,0,2,2,1,0,0,0,1,1,1
IMG_008755,2023-08-21 14:00:00,3,4,0,2,2,1,0,0,0,1,1,1
IMG_008757,2023-08-21 15:00:00,3,4,0,0,2,1,0,0,0,0,1,1
IMG_008764,2023-06-12 14:00:00,0,0,0,0,1,1,0,0,0,0,1,1
IMG_008766,2023-08-20 04:00:00,2,0,0,0,1,1,0,0,0,0,1,1
IMG_008768,2023-08-20 05:00:00,2,0,0,0,0,1,0,0,0,0,0,1
IMG_008776,2023-08-21 19:00:00,3,4,0,2,2,1,0,0,0,1,1,1
IMG_008780,2023-08-21 20:00:00,3,0,0,2,1,1,0,0,0,1,1,1
IMG_008782,2023-08-21 21:00:00,3,4,0,2,2,1,0,0,0,1,1,1
IMG_008789,2023-08-20 09:00:00,2,4,0,2,2,1,0,0,0,1,1,1
IMG_008790,2023-08-21 22:00:00,3,0,0,2,1,1,0,0,0,1,1,1
IMG_008793,2023-08-21 23:00:00,3,4,0,2,2,1,0,0,0,1,1,1
IMG_008796,2023-08-20 10:00:00,2,4,0,0,2,1,0,0,0,0,1,1
IMG_008802,2023-08-22 00:00:00,3,4,0,2,2,1,0,0,0,1,1,1
IMG_008812,2023-08-20 11:00:00,2,4,0,2,2,1,0,0,0,1,1,1
IMG_008818,2023-07-14 23:00:00,1,4,0,0,2,1,0,0,0,0,1,1
IMG_008819,2023-08-20 12:00:00,2,4,0,2,2,1,0,0,0,1,1,1
IMG_008827,2023-08-22 02:00:00,3,4,0,2,2,1,0,0,0,1,1,1
IMG_008858,2023-08-22 06:00:00,3,0,0,2,2,1,0,0,0,1,1,1
IMG_008859,2023-08-22 07:00:00,3,4,0,2,0,1,0,0,0,1,0,1
IMG_008877,2023-08-20 20:00:00,2,0,0,2,1,1,0,0,0,1,1,1
IMG_008898,2023-08-21 00:00:00,2,4,0,2,2,1,0,0,0,1,1,1
IMG_008903,2023-08-21 01:00:00,2,0,0,0,2,1,0,0,0,0,1,1
IMG_008906,2023-08-21 03:00:00,2,4,0,2,0,1,0,0,0,1,0,1
IMG_008909,2023-07-15 04:00:00,1,0,0,0,1,1,0,0,0,0,1,1
IMG_008925,2023-08-22 11:00:00,3,4,0,2,2,1,0,0,0,1,1,1
IMG_008934,2023-08-22 12:00:00,3,4,0,2,2,1,0,0,0,1,1,1
IMG_008939,2023-07-22 03:00:00,2,0,0,2,2,1,0,2,0,1,1,1
IMG_008945,2023-08-22 13:00:00,3,0,0,2,2,1,0,0,0,1,1,1
IMG_008953,2023-08-22 15:00:00,3,0,0,2,1,1,0,0,0,1,1,1
IMG_008961,2023-07-22 08:00:00,2,0,0,2,2,1,0,0,0,1,1,1
IMG_008973,2023-07-15 08:00:00,1,0,0,0,1,1,0,0,0,0,1,1
IMG_008977,2023-07-15 09:00:00,1,0,0,0,1,1,0,0,0,0,0,1
IMG_008981,2023-08-22 19:00:00,3,4,0,2,2,1,0,0,0,1,1,1
IMG_008994,2023-08-22 21:00:00,3,0,0,2,2,1,0,0,0,1,1,1
IMG_009005,2023-08-22 23:00:00,3,4,0,2,2,1,0,0,0,1,1,1
IMG_009030,2023-07-22 15:00:00,2,0,0,2,1,1,0,0,0,1,1,1
IMG_009046,2023-07-15 14:00:00,1,0,0,0,1,1,0,0,0,0,1,1
IMG_009047,2023-07-15 15:00:00,1,4,0,0,0,1,0,0,0,0,0,1
IMG_009051,2023-06-12 22:00:00,0,0,0,0,1,1,0,0,0,0,1,1
IMG_009067,2023-07-15 16:00:00,1,4,0,0,0,1,0,0,0,0,0,1
IMG_009070,2023-07-15 17:00:00,1,0,0,0,1,1,0,0,0,0,1,1
IMG_009074,2023-08-23 13:00:00,3,4,0,2,2,1,0,0,0,1,1,1
IMG_009090,2023-08-23 16:00:00,3,0,0,0,1,1,0,0,0,0,1,1
IMG_009097,2023-07-23 02:00:00,2,4,0,2,2,1,0,0,0,1,1,1
IMG_009106,2023-08-23 20:00:00,3,0,0,0,1,1,0,0,0,0,1,1
IMG_009110,2023-08-23 22:00:00,3,0,0,2,0,1,0,0,0,1,0,1
IMG_009112,2023-07-15 21:00:00,1,0,0,0,1,1,0,0,0,0,1,1
IMG_009122,2023-08-24 01:00:00,3,0,0,0,2,1,0,0,0,0,1,1
IMG_009124,2023-07-23 04:00:00,2,4,0,2,2,1,0,0,0,1,1,1
IMG_009125,2023-08-24 03:00:00,3,0,0,2,1,1,0,0,0,1,1,1
IMG_009128,2023-08-24 04:00:00,3,4,0,0,2,1,0,0,0,0,1,1
IMG_009129,2023-07-23 05:00:00,2,4,0,2,2,1,0,0,0,1,1,1
IMG_009149,2023-07-23 09:00:00,2,0,0,2,2,1,0,0,0,1,1,1
IMG_009154,2023-07-23 10:00:00,2,0,0,2,2,1,0,0,0,1,1,1
IMG_009160,2023-07-23 12:00:00,2,2,0,2,2,1,0,0,0,1,1,1
IMG_009163,2023-08-24 09:00:00,3,0,0,2,2,1,0,0,0,1,1,1
IMG_009164,2023-07-23 13:00:00,2,4,0,2,2,1,0,0,0,1,1,1
IMG_009166,2023-07-23 14:00:00,2,4,0,2,2,1,0,0,0,1,1,1
IMG_009177,2023-08-24 11:00:00,3,4,0,2,2,1,0,0,0,1,1,1
IMG_009187,2023-08-24 13:00:00,3,4,0,2,2,1,0,0,0,1,1,1
IMG_009192,2023-06-13 03:00:00,0,0,0,0,1,1,0,0,0,0,1,1
IMG_009194,2023-08-24 14:00:00,3,0,0,0,1,1,0,0,0,0,1,1
IMG_009195,2023-08-24 15:00:00,3,0,0,2,1,1,0,0,0,1,1,1
IMG_009201,2023-07-23 17:00:00,2,0,0,2,2,1,0,0,0,1,1,1
IMG_009222,2023-08-24 21:00:00,3,4,0,2,2,1,0,0,0,1,1,1
IMG_009243,2023-08-25 00:00:00,3,0,0,2,2,1,0,0,0,1,1,1
IMG_009246,2023-08-25 01:00:00,3,0,0,0,1,1,0,0,0,0,1,1
IMG_009247,2023-08-25 02:00:00,3,0,0,2,2,1,0,0,0,1,1,1
IMG_009255,2023-07-23 22:00:00,2,0,0,2,2,1,0,0,0,1,1,1
IMG_009264,2023-07-24 00:00:00,2,4,0,2,2,1,0,0,0,1,1,1
IMG_009265,2023-07-24 01:00:00,2,0,0,2,2,1,0,0,0,1,1,1
IMG_009269,2023-08-25 04:00:00,3,4,0,2,2,1,0,0,0,1,1,1
IMG_009273,2023-07-24 02:00:00,2,0,0,2,2,1,0,0,0,1,1,1
IMG_009277,2023-08-25 06:00:00,3,4,0,2,0,1,0,0,0,1,1,1
IMG_009281,2023-08-25 07:00:00,3,0,0,2,1,1,0,0,0,1,1,1
IMG_009288,2023-08-25 08:00:00,3,0,0,2,2,1,0,0,0,1,1,1
IMG_009291,2023-07-24 04:00:00,2,0,0,2,2,1,0,0,0,1,1,1
IMG_009299,2023-06-13 09:00:00,0,0,0,0,1,1,0,0,0,0,1,1
IMG_009300,2023-07-24 05:00:00,2,0,0,2,2,1,0,0,0,1,1,1
IMG_009305,2023-08-25 09:00:00,3,4,0,2,2,1,0,0,0,1,1,1
IMG_009308,2023-07-24 08:00:00,2,4,0,0,2,1,0,0,0,0,1,1
IMG_009310,2023-07-24 09:00:00,2,0,0,2,1,1,0,0,0,1,1,1
IMG_009321,2023-08-25 12:00:00,3,0,0,2,1,1,0,0,0,1,1,1
IMG_009328,2023-06-13 10:00:00,0,0,0,0,1,1,0,0,0,0,1,1
IMG_009333,2023-07-24 11:00:00,2,0,0,2,1,1,0,0,0,1,1,1
IMG_009337,2023-08-25 15:00:00,3,0,0,2,1,1,0,0,0,1,1,1
IMG_009339,2023-08-25 16:00:00,3,4,0,2,2,1,0,0,0,1,1,1
IMG_009340,2023-07-24 13:00:00,2,4,0,2,2,1,0,0,0,1,1,1
IMG_009344,2023-08-25 17:00:00,3,4,0,2,2,1,0,0,0,1,1,1
IMG_009347,2023-07-24 15:00:00,2,0,0,2,1,1,0,0,0,1,1,1
IMG_009354,2023-08-25 19:00:00,3,0,0,2,2,1,0,0,0,1,1,1
IMG_009355,2023-08-25 20:00:00,3,4,0,2,2,1,0,0,0,1,1,1
IMG_009360,2023-07-24 18:00:00,2,0,0,2,1,1,0,0,0,1,1,1
IMG_009365,2023-07-24 19:00:00,2,0,0,2,1,1,0,0,0,1,1,1
IMG_009368,2023-08-25 22:00:00,3,0,0,0,2,1,0,0,0,0,1,1
IMG_009374,2023-08-26 01:00:00,3,4,0,2,0,1,0,0,0,1,0,1
IMG_009401,2023-07-25 01:00:00,2,0,0,0,2,1,0,0,0,0,1,1
IMG_009402,2023-08-26 03:00:00,3,4,0,2,2,1,0,0,0,1,1,1
IMG_009414,2023-07-25 04:00:00,2,0,0,2,2,1,0,2,0,1,1,1
IMG_009421,2023-07-25 06:00:00,2,0,0,2,1,1,0,0,0,1,1,1
IMG_009423,2023-07-25 07:00:00,2,0,0,0,2,1,0,0,0,0,1,1
IMG_009431,2023-08-26 08:00:00,3,0,0,2,2,1,0,0,0,1,1,1
IMG_009436,2023-07-25 10:00:00,2,0,0,2,1,1,0,0,0,1,1,1
IMG_009437,2023-08-26 09:00:00,3,4,0,2,2,1,0,0,0,1,1,1
IMG_009439,2023-08-26 10:00:00,3,0,0,2,1,1,0,0,0,1,1,1
IMG_009457,2023-08-26 12:00:00,3,0,0,2,1,1,0,0,0,1,1,1
IMG_009463,2023-07-25 12:00:00,2,4,0,2,2,1,0,0,0,1,1,1
IMG_009464,2023-07-25 13:00:00,2,0,0,2,2,1,0,0,0,1,1,1
IMG_009473,2023-07-16 17:00:00,1,0,0,0,1,1,0,0,0,0,1,1
IMG_009482,2023-08-26 13:00:00,3,4,0,2,2,1,0,0,0,1,1,1
IMG_009483,2023-07-25 15:00:00,2,0,0,2,2,1,0,0,0,1,1,1
IMG_009484,2023-08-26 14:00:00,3,4,0,0,2,1,0,0,0,0,1,1
IMG_009485,2023-07-25 16:00:00,2,0,0,2,2,1,0,0,0,1,1,1
IMG_009497,2023-07-25 19:00:00,2,0,0,0,1,1,0,0,0,0,1,1
IMG_009502,2023-07-16 20:00:00,1,4,0,0,2,1,0,0,0,0,1,1
IMG_009505,2023-07-16 21:00:00,1,4,0,0,2,1,0,0,0,0,1,1
IMG_009519,2023-07-16 22:00:00,1,0,0,0,1,1,0,0,0,0,1,1
IMG_009523,2023-07-25 22:00:00,2,4,0,2,2,1,0,0,0,1,1,1
IMG_009528,2023-07-25 23:00:00,2,0,0,2,1,1,0,0,0,1,1,1
IMG_009529,2023-07-26 00:00:00,2,0,0,2,2,1,0,0,0,1,1,1
IMG_009530,2023-08-26 19:00:00,3,4,0,2,2,1,0,0,0,1,1,1
IMG_009538,2023-08-26 21:00:00,3,4,0,2,2,1,0,0,0,1,1,1
IMG_009540,2023-08-26 22:00:00,3,0,0,2,2,1,0,0,0,1,1,1
IMG_009559,2023-07-26 05:00:00,2,0,0,2,2,1,0,0,0,1,1,1
IMG_009564,2023-07-26 06:00:00,2,0,0,2,1,1,0,0,0,1,1,1
IMG_009565,2023-08-26 23:00:00,3,4,0,2,2,1,0,0,0,1,1,1
IMG_009575,2023-08-27 01:00:00,3,4,0,2,2,1,0,0,0,1,1,1
IMG_009582,2023-07-26 08:00:00,2,0,0,2,2,1,0,0,0,1,1,1
IMG_009584,2023-07-17 03:00:00,1,0,0,0,2,1,0,0,0,0,1,1
IMG_009607,2023-07-26 13:00:00,2,0,0,2,1,1,0,0,0,1,1,1
IMG_009616,2023-08-27 04:00:00,3,0,0,2,1,1,0,0,0,1,1,1
IMG_009617,2023-07-17 07:00:00,1,0,0,0,1,1,0,0,0,0,1,1
IMG_009621,2023-08-27 05:00:00,3,0,0,2,2,1,0,0,0,1,1,1
IMG_009623,2023-08-27 06:00:00,3,0,0,2,1,1,0,0,0,1,1,1
IMG_009628,2023-07-26 16:00:00,2,4,0,0,0,1,0,0,0,0,0,1
IMG_009636,2023-08-27 07:00:00,3,0,0,2,2,1,0,0,0,1,1,1
IMG_009663,2023-08-27 11:00:00,3,0,0,2,2,1,0,0,0,1,1,1
IMG_009666,2023-08-27 13:00:00,3,0,0,2,1,1,0,0,0,1,1,1
IMG_009667,2023-08-27 14:00:00,3,0,0,2,2,1,0,0,0,1,1,1
IMG_009669,2023-07-26 21:00:00,2,0,0,2,2,1,0,0,0,1,1,1
IMG_009677,2023-08-27 15:00:00,3,0,0,2,1,1,0,0,0,1,1,1
IMG_009679,2023-08-27 16:00:00,3,0,0,2,2,1,0,0,0,1,1,1
IMG_009689,2023-07-27 01:00:00,2,4,0,0,2,1,0,0,0,0,1,1
IMG_009692,2023-08-27 19:00:00,3,4,0,2,2,1,0,0,0,1,1,1
IMG_009700,2023-07-27 04:00:00,2,0,0,2,2,1,0,0,0,1,1,1
IMG_009711,2023-08-27 22:00:00,3,0,0,2,1,1,0,0,0,1,1,1
IMG_009738,2023-07-27 10:00:00,2,0,0,2,2,1,0,0,0,1,1,1
IMG_009739,2023-07-27 11:00:00,2,0,0,2,2,1,0,0,0,1,1,1
IMG_009747,2023-08-28 04:00:00,3,4,0,2,2,1,0,0,0,1,1,1
IMG_009767,2023-07-27 14:00:00,2,0,0,2,2,1,0,0,0,1,1,1
IMG_009777,2023-06-13 17:00:00,0,0,0,0,2,1,0,0,0,0,1,1
IMG_009780,2023-07-27 15:00:00,2,0,0,2,2,1,0,0,0,1,1,1
IMG_009785,2023-07-27 16:00:00,2,0,0,2,2,1,0,2,0,1,1,1
IMG_009788,2023-07-27 17:00:00,2,4,0,2,0,1,0,0,0,1,0,1
IMG_009791,2023-07-17 15:00:00,1,0,0,0,2,1,0,0,0,0,1,1
IMG_009801,2023-08-28 09:00:00,3,0,0,2,1,1,0,0,0,1,1,1
IMG_009813,2023-08-28 11:00:00,3,0,0,2,1,1,0,0,0,1,1,1
IMG_009828,2023-08-28 14:00:00,3,0,0,0,2,1,0,0,0,0,1,1
IMG_009833,2023-08-28 15:00:00,3,0,0,2,1,1,0,0,0,1,1,1
IMG_009838,2023-06-13 20:00:00,0,0,0,0,1,1,0,0,0,0,1,1
IMG_009848,2023-08-28 17:00:00,3,0,0,2,1,1,0,0,0,1,1,1
IMG_009849,2023-07-27 23:00:00,2,0,0,0,1,1,0,0,0,0,1,1
IMG_009851,2023-08-28 19:00:00,3,5,0,0,3,1,0,3,0,0,1,1
IMG_009856,2023-06-13 23:00:00,0,0,0,0,0,1,0,0,0,0,0,1
IMG_009865,2023-07-28 02:00:00,2,0,0,2,1,1,0,0,0,1,1,1
IMG_009866,2023-07-28 03:00:00,2,0,0,2,1,1,0,0,0,1,1,1
IMG_009871,2023-07-28 04:00:00,2,4,0,0,2,1,0,0,0,0,1,1
IMG_009880,2023-08-28 23:00:00,3,4,0,0,2,1,0,0,0,0,1,1
IMG_009900,2023-07-28 05:00:00,2,0,0,2,1,1,0,0,0,1,1,1
IMG_009905,2023-07-28 06:00:00,2,4,0,2,2,1,0,0,0,1,1,1
IMG_009912,2023-08-29 04:00:00,3,0,0,0,2,1,0,0,0,0,1,1
IMG_009914,2023-06-14 02:00:00,0,4,0,0,2,1,0,0,0,0,1,1
IMG_009915,2023-08-29 05:00:00,3,4,0,2,2,1,0,0,0,1,1,1
IMG_009917,2023-07-28 08:00:00,2,4,0,2,2,1,0,0,0,1,1,1
IMG_009922,2023-07-17 21:00:00,1,0,0,0,1,1,0,0,0,0,1,1
IMG_009937,2023-07-28 09:00:00,2,0,0,2,1,1,0,0,0,1,1,1
IMG_009940,2023-08-29 07:00:00,3,4,0,2,2,1,0,0,0,1,1,1
IMG_009942,2023-07-28 11:00:00,2,2,0,2,2,1,0,0,0,1,1,1
IMG_009944,2023-07-28 12:00:00,2,0,0,0,1,1,0,0,0,0,1,1
IMG_009962,2023-07-18 04:00:00,1,0,0,0,2,1,0,0,0,0,1,1
IMG_009964,2023-08-29 09:00:00,3,4,0,2,2,1,0,0,0,1,1,1
IMG_009970,2023-08-29 10:00:00,3,0,0,2,2,1,0,0,0,1,1,1
IMG_009971,2023-08-29 11:00:00,3,0,0,2,1,1,0,0,0,1,1,1
IMG_009973,2023-08-29 12:00:00,3,0,0,2,2,1,0,0,0,1,1,1
IMG_009992,2023-07-28 16:00:00,2,0,0,0,1,1,0,0,0,0,1,1
IMG_009993,2023-08-29 17:00:00,3,0,0,2,0,1,0,0,0,1,0,1
