timestamp,temperature,soil_humidity,light,ph
2026-09-20 08:00:00,30.01,60.39,18070.00,6.67
2026-09-20 08:10:00,30.03,60.81,19512.05,6.69
2026-09-20 08:20:00,29.65,61.62,21280.35,6.70
2026-09-20 08:30:00,30.17,61.32,21940.48,6.73
2026-09-20 08:40:00,30.24,60.65,23522.41,6.70
2026-09-20 08:50:00,30.73,60.24,24841.39,6.71
2026-09-20 09:00:00,30.16,60.70,25991.18,6.69
2026-09-20 09:10:00,30.30,59.98,27210.60,6.72
2026-09-20 09:20:00,30.63,59.02,28239.97,6.73
2026-09-20 09:30:00,30.85,59.58,28917.33,6.71
2026-09-20 09:40:00,30.54,60.13,30133.41,6.72
2026-09-20 09:50:00,31.03,59.90,30930.68,6.73
2026-09-20 10:00:00,30.72,58.57,31297.21,6.71
2026-09-20 10:10:00,30.84,58.13,32340.52,6.75
2026-09-20 10:20:00,30.75,59.99,32749.12,6.76
2026-09-20 10:30:00,30.86,58.34,33605.40,6.72
2026-09-20 10:40:00,30.81,58.31,33847.18,6.72
2026-09-20 10:50:00,31.40,58.02,34998.94,6.75
2026-09-20 11:00:00,31.06,59.29,35086.67,6.75
2026-09-20 11:10:00,30.83,58.95,35888.50,6.74
2026-09-20 11:20:00,31.06,59.74,35638.91,6.77
2026-09-20 11:30:00,30.87,59.31,36127.96,6.75
2026-09-20 11:40:00,31.07,59.94,36119.20,6.73
2026-09-20 11:50:00,30.47,60.27,36549.52,6.72
2026-09-20 12:00:00,30.71,60.40,36255.97,6.78
2026-09-20 12:10:00,31.04,59.53,36256.66,6.77
2026-09-20 12:20:00,30.67,58.82,36468.60,6.77
2026-09-20 12:30:00,30.80,60.39,36350.73,6.78
2026-09-20 12:40:00,30.21,59.59,36033.75,6.78
2026-09-20 12:50:00,30.21,59.86,35687.11,6.75
2026-09-20 13:00:00,30.34,60.94,34797.33,6.75
2026-09-20 13:10:00,29.72,61.07,35028.46,6.74
2026-09-20 13:20:00,29.76,60.79,34393.26,6.74
2026-09-20 13:30:00,29.95,61.48,34068.56,6.75
2026-09-20 13:40:00,29.60,62.29,33125.30,6.78
2026-09-20 13:50:00,29.56,61.50,32701.80,6.77
2026-09-20 14:00:00,29.70,62.55,31699.56,6.78
2026-09-20 14:10:00,29.56,61.52,30741.57,6.78
2026-09-20 14:20:00,28.97,63.08,30206.24,6.79
2026-09-20 14:30:00,28.86,62.97,29019.48,6.78
2026-09-20 14:40:00,28.34,64.20,27637.81,6.80
2026-09-20 14:50:00,28.60,62.58,27417.18,6.79
2026-09-20 15:00:00,28.44,64.42,25899.42,6.78
2026-09-20 15:10:00,28.21,63.59,25167.31,6.75
2026-09-20 15:20:00,27.75,63.71,23300.69,6.79
2026-09-20 15:30:00,27.52,64.76,22806.35,6.77
2026-09-20 15:40:00,27.55,65.28,21025.66,6.77
2026-09-20 15:50:00,27.30,65.31,19877.27,6.76
2026-09-20 16:00:00,27.11,67.08,18060.95,6.78
2026-09-20 16:10:00,26.57,67.18,16955.97,6.80
2026-09-20 16:20:00,26.58,67.05,15807.83,6.78
2026-09-20 16:30:00,26.55,67.43,14674.14,6.80
2026-09-20 16:40:00,26.55,67.13,12679.88,6.80
2026-09-20 16:50:00,26.18,67.34,11197.63,6.76
2026-09-20 17:00:00,25.63,67.77,9998.82,6.79
2026-09-20 17:10:00,25.82,69.66,8310.64,6.80
2026-09-20 17:20:00,25.02,68.32,6331.66,6.81
2026-09-20 17:30:00,25.28,69.47,5510.13,6.79
2026-09-20 17:40:00,24.52,70.52,3363.78,6.80
2026-09-20 17:50:00,24.64,70.25,2029.21,6.80
2026-09-20 18:00:00,24.22,71.41,88.35,6.77
2026-09-20 18:10:00,23.95,71.20,279.82,6.76
2026-09-20 18:20:00,24.42,71.97,851.59,6.79
2026-09-20 18:30:00,23.80,71.31,408.83,6.78
2026-09-20 18:40:00,23.93,72.16,857.15,6.78
2026-09-20 18:50:00,23.36,73.33,783.79,6.80
2026-09-20 19:00:00,23.02,73.62,158.70,6.75
2026-09-20 19:10:00,23.34,72.70,506.24,6.80
2026-09-20 19:20:00,22.56,73.20,224.36,6.75
2026-09-20 19:30:00,22.99,74.74,85.74,6.75
2026-09-20 19:40:00,22.40,73.89,635.88,6.80
2026-09-20 19:50:00,22.71,74.58,179.44,6.79
2026-09-20 20:00:00,22.32,74.55,444.81,6.80
2026-09-20 20:10:00,22.26,75.28,120.46,6.75
2026-09-20 20:20:00,22.38,75.97,757.51,6.77
2026-09-20 20:30:00,22.28,75.26,75.09,6.75
2026-09-20 20:40:00,21.54,75.45,729.06,6.80
2026-09-20 20:50:00,21.45,75.64,641.83,6.74
2026-09-20 21:00:00,21.82,75.08,821.11,6.78
2026-09-20 21:10:00,21.28,76.28,62.52,6.75
2026-09-20 21:20:00,21.17,76.60,195.29,6.74
2026-09-20 21:30:00,21.28,77.32,372.91,6.77
2026-09-20 21:40:00,21.05,75.83,470.25,6.74
2026-09-20 21:50:00,20.90,76.96,895.69,6.76
2026-09-20 22:00:00,21.26,76.78,390.39,6.76
2026-09-20 22:10:00,21.06,77.73,263.67,6.77
2026-09-20 22:20:00,21.44,76.78,493.02,6.77
2026-09-20 22:30:00,20.77,77.32,72.42,6.77
2026-09-20 22:40:00,20.75,77.31,295.87,6.75
2026-09-20 22:50:00,21.25,76.32,72.06,6.75
2026-09-20 23:00:00,20.92,76.51,820.60,6.76
2026-09-20 23:10:00,20.86,76.40,579.23,6.76
2026-09-20 23:20:00,21.10,76.15,4.26,6.73
2026-09-20 23:30:00,21.04,75.89,580.20,6.73
2026-09-20 23:40:00,21.37,76.55,549.93,6.74
2026-09-20 23:50:00,20.97,76.65,95.30,6.74
2026-09-21 00:00:00,21.32,77.42,151.91,6.76
2026-09-21 00:10:00,21.45,75.91,806.23,6.75
2026-09-21 00:20:00,21.53,75.53,464.74,6.76
2026-09-21 00:30:00,21.72,76.39,784.94,6.74
2026-09-21 00:40:00,21.75,76.90,692.27,6.70
2026-09-21 00:50:00,21.84,75.67,280.87,6.71
2026-09-21 01:00:00,21.50,74.69,590.64,6.72
2026-09-21 01:10:00,21.77,74.91,213.26,6.70
2026-09-21 01:20:00,21.77,74.56,16.74,6.71
2026-09-21 01:30:00,21.90,75.50,649.34,6.72
2026-09-21 01:40:00,22.15,74.25,295.19,6.73
2026-09-21 01:50:00,22.81,75.24,652.09,6.69
2026-09-21 02:00:00,22.69,74.52,33.95,6.72
2026-09-21 02:10:00,23.16,73.35,756.73,6.73
2026-09-21 02:20:00,22.91,72.60,491.84,6.72
2026-09-21 02:30:00,23.12,72.22,3.24,6.73
2026-09-21 02:40:00,23.50,72.60,672.87,6.67
2026-09-21 02:50:00,23.15,72.97,180.16,6.70
2026-09-21 03:00:00,23.50,73.03,439.28,6.67
2026-09-21 03:10:00,23.65,72.36,546.15,6.71
2026-09-21 03:20:00,23.74,71.75,209.53,6.71
2026-09-21 03:30:00,24.09,71.51,236.81,6.71
2026-09-21 03:40:00,24.34,69.84,50.17,6.67
2026-09-21 03:50:00,25.00,70.26,250.08,6.66
2026-09-21 04:00:00,25.29,69.42,631.44,6.71
2026-09-21 04:10:00,25.30,70.32,371.79,6.69
2026-09-21 04:20:00,25.26,68.35,534.34,6.68
2026-09-21 04:30:00,25.46,68.81,145.01,6.68
2026-09-21 04:40:00,25.60,67.67,717.23,6.67
2026-09-21 04:50:00,26.06,68.72,37.11,6.70
2026-09-21 05:00:00,25.94,68.46,851.96,6.70
2026-09-21 05:10:00,26.62,67.61,159.02,6.65
2026-09-21 05:20:00,26.90,65.85,642.58,6.66
2026-09-21 05:30:00,27.04,66.21,888.65,6.65
2026-09-21 05:40:00,27.19,66.12,600.20,6.65
2026-09-21 05:50:00,27.52,65.22,139.68,6.69
2026-09-21 06:00:00,27.48,65.09,138.63,6.64
2026-09-21 06:10:00,27.96,65.11,2110.76,6.65
2026-09-21 06:20:00,28.05,63.67,3618.11,6.66
2026-09-21 06:30:00,28.48,64.14,5439.58,6.66
2026-09-21 06:40:00,28.28,63.84,6624.18,6.63
2026-09-21 06:50:00,28.18,63.80,7795.73,6.66
2026-09-21 07:00:00,28.86,63.16,9859.18,6.62
2026-09-21 07:10:00,29.00,62.43,11315.49,6.65
2026-09-21 07:20:00,29.25,63.29,12839.60,6.67
2026-09-21 07:30:00,29.32,61.43,14503.84,6.64
2026-09-21 07:40:00,29.08,61.96,15219.40,6.64
2026-09-21 07:50:00,29.86,61.05,16664.83,6.64
2026-09-21 08:00:00,29.53,61.21,18765.78,6.63
2026-09-21 08:10:00,29.77,61.69,19794.85,6.62
2026-09-21 08:20:00,30.16,61.22,21427.28,6.61
2026-09-21 08:30:00,30.29,59.89,22681.54,6.62
2026-09-21 08:40:00,30.40,61.16,23511.87,6.61
2026-09-21 08:50:00,30.26,60.78,24605.30,6.62
2026-09-21 09:00:00,30.41,59.14,25644.01,6.63
2026-09-21 09:10:00,30.32,60.33,27267.83,6.64
2026-09-21 09:20:00,30.41,59.83,27720.19,6.61
2026-09-21 09:30:00,30.33,58.73,28845.38,6.65
2026-09-21 09:40:00,30.86,59.43,30240.54,6.61
2026-09-21 09:50:00,30.86,60.09,31178.92,6.65
2026-09-21 10:00:00,31.28,58.56,31990.01,6.63
2026-09-21 10:10:00,30.67,60.00,32508.92,6.65
2026-09-21 10:20:00,31.20,59.24,33466.02,6.62
2026-09-21 10:30:00,31.32,59.50,34015.77,6.61
2026-09-21 10:40:00,30.84,58.78,34117.61,6.62
2026-09-21 10:50:00,30.73,58.85,34499.95,6.61
2026-09-21 11:00:00,30.80,59.19,35577.72,6.61
2026-09-21 11:10:00,30.88,58.26,35463.98,6.61
2026-09-21 11:20:00,31.09,60.00,35941.72,6.62
2026-09-21 11:30:00,30.91,58.98,35820.52,6.60
2026-09-21 11:40:00,30.87,59.51,35941.70,6.64
2026-09-21 11:50:00,30.99,59.15,36405.98,6.59
2026-09-21 12:00:00,31.09,60.28,36430.87,6.64
2026-09-21 12:10:00,30.95,60.18,36056.06,6.65
2026-09-21 12:20:00,30.32,59.31,36287.40,6.63
2026-09-21 12:30:00,30.25,60.33,35911.79,6.62
2026-09-21 12:40:00,30.33,60.38,36193.36,6.64
2026-09-21 12:50:00,30.06,60.27,35685.44,6.65
2026-09-21 13:00:00,30.08,60.57,34827.97,6.62
2026-09-21 13:10:00,29.85,60.37,34590.33,6.61
2026-09-21 13:20:00,29.63,60.39,34562.38,6.63
2026-09-21 13:30:00,30.20,60.39,34023.75,6.63
2026-09-21 13:40:00,29.42,62.37,33394.78,6.65
2026-09-21 13:50:00,29.32,61.16,32772.71,6.65
2026-09-21 14:00:00,29.01,62.70,31967.90,6.62
2026-09-21 14:10:00,28.93,62.33,30394.34,6.60
2026-09-21 14:20:00,28.69,62.89,30265.10,6.61
2026-09-21 14:30:00,28.61,63.22,28580.39,6.64
2026-09-21 14:40:00,28.96,63.70,28105.76,6.66
2026-09-21 14:50:00,28.41,63.74,26817.19,6.65
2026-09-21 15:00:00,28.49,63.55,25782.41,6.65
2026-09-21 15:10:00,28.26,65.18,25216.18,6.61
2026-09-21 15:20:00,27.58,65.43,23442.80,6.63
2026-09-21 15:30:00,27.99,65.99,22055.77,6.64
2026-09-21 15:40:00,27.12,64.98,20895.19,6.63
2026-09-21 15:50:00,27.59,66.45,19441.85,6.64
2026-09-21 16:00:00,27.25,65.33,18304.44,6.61
2026-09-21 16:10:00,27.17,66.63,17403.61,6.63
2026-09-21 16:20:00,26.46,67.37,15578.02,6.66
2026-09-21 16:30:00,26.69,66.32,14330.11,6.65
2026-09-21 16:40:00,25.83,67.62,12477.32,6.62
2026-09-21 16:50:00,26.34,68.98,11223.11,6.67
2026-09-21 17:00:00,25.79,68.66,9693.28,6.66
2026-09-21 17:10:00,25.68,68.42,8057.26,6.67
2026-09-21 17:20:00,25.61,69.00,7018.76,6.67
2026-09-21 17:30:00,24.74,69.94,5427.59,6.66
2026-09-21 17:40:00,24.49,69.27,3161.09,6.64
2026-09-21 17:50:00,24.63,70.55,2250.54,6.68
2026-09-21 18:00:00,24.25,70.25,553.40,6.66
2026-09-21 18:10:00,24.00,70.40,899.13,6.67
2026-09-21 18:20:00,24.17,72.27,291.35,6.67
2026-09-21 18:30:00,23.57,71.01,423.94,6.65
