image_id,image_path,capture_time,growth_stage,health_level,maturity_level,abnormal_alert
IMG_000001,images/IMG_000001.png,2026-09-21 08:30:00,0,0,0,0
IMG_000002,images/IMG_000002.png,2026-09-21 09:00:00,1,0,0,0
IMG_000003,images/IMG_000003.png,2026-09-21 09:30:00,2,1,0,1
IMG_000004,images/IMG_000004.png,2026-09-21 10:00:00,3,0,0,0
IMG_000005,images/IMG_000005.png,2026-09-21 10:30:00,4,2,1,1
IMG_000006,images/IMG_000006.png,2026-09-21 11:00:00,5,1,2,1
IMG_000007,images/IMG_000007.png,2026-09-21 11:30:00,0,0,0,0
IMG_000008,images/IMG_000008.png,2026-09-21 12:00:00,1,3,0,1
IMG_000009,images/IMG_000009.png,2026-09-21 12:30:00,2,0,0,0
IMG_000010,images/IMG_000010.png,2026-09-21 13:00:00,3,1,0,1
IMG_000011,images/IMG_000011.png,2026-09-21 13:30:00,4,0,1,0
IMG_000012,images/IMG_000012.png,2026-09-21 14:00:00,5,0,2,0
IMG_000013,images/IMG_000013.png,2026-09-21 14:30:00,0,1,0,1
IMG_000014,images/IMG_000014.png,2026-09-21 15:00:00,1,0,0,0
IMG_000015,images/IMG_000015.png,2026-09-21 15:30:00,2,2,0,1
IMG_000016,images/IMG_000016.png,2026-09-21 16:00:00,3,1,0,1
IMG_000017,images/IMG_000017.png,2026-09-21 16:30:00,4,0,1,0
IMG_000018,images/IMG_000018.png,2026-09-21 17:00:00,5,3,2,1
IMG_000019,images/IMG_000019.png,2026-09-21 17:30:00,0,0,0,0
IMG_000020,images/IMG_000020.png,2026-09-21 18:00:00,1,1,0,1
